'active','base','category','created','description','others','id','label','lang','address','latitude','longitude','time','updated'
'True','https://city-api.wearebitmaker.com/CitySDK/pois','[{''lang'': ''pt-PT'', ''value'': ''Postos de Abastecimento''}, {''lang'': ''en-GB'', ''value'': ''Petrol station''}, {''lang'': ''es-ES'', ''value'': ''Gasolineras''}]','2019-05-06T14:57:06.345000Z','[]','[{''type'': ''x-citysdk/price'', ''value'': ''0''}, {''type'': ''x-citysdk/geographical-zone'', ''value'': ''Outras Zonas do Porto''}, {''type'': ''x-citysdk/themes'', ''value'': ''Investigar,Estudar''}, {''type'': ''x-citysdk/segments'', ''value'': ''Estudantes,Investigadores,Trabalhadores''}, {''type'': ''x-citysdk/cost-rating'', ''value'': ''1''}, {''type'': ''x-citysdk/average-time'', ''value'': ''0:0''}]','5cd04b42f979e000013a9c07','[{''lang'': ''pt-PT'', ''term'': ''primary'', ''value'': ''Auto Comercial Ouro''}, {''lang'': ''en-GB'', ''term'': ''primary'', ''value'': ''Auto Comercial Ouro''}, {''lang'': ''es-ES'', ''term'': ''primary'', ''value'': ''Auto Comercial Ouro''}]','pt-PT','BEGIN:VCARD VERSION:2.1 REV:20190226T17:27:45Z N:Auto Comercial Ouro;Auto Comercial Ouro;;; FN:Auto Comercial Ouro Auto Comercial Ouro ORG:Auto Comercial Ouro ADR;WORK:;71;Rua de Fernandes Tomás;Porto;Porto;4049-040;Portugal TEL;WORK;VOICE:+351 225192800 TEL;WORK;FAX:+351 225192888 EMAIL;PREF;INTERNET:ouro@ac-ouro.pt END:VCARD','41.14851800','-8.59976100','[{''term'': ''open'', ''type'': ''text/icalendar'', ''value'': ''BEGIN:VCALENDAR VERSION:2.0 END:VCALENDAR''}]','2019-06-18T09:50:31.768000Z'
'True','https://city-api.wearebitmaker.com/CitySDK/pois','[{''lang'': ''pt-PT'', ''value'': ''Postos de Abastecimento''}, {''lang'': ''en-GB'', ''value'': ''Petrol station''}, {''lang'': ''es-ES'', ''value'': ''Gasolineras''}]','2019-05-06T14:57:06.348000Z','[{''lang'': ''pt-PT'', ''value'': ''Península Boutique Center ''}, {''lang'': ''en-GB'', ''value'': ''Península Boutique Center ''}, {''lang'': ''es-ES'', ''value'': ''Península Boutique Center ''}]','[{''type'': ''x-citysdk/price'', ''value'': ''0''}, {''type'': ''x-citysdk/geographical-zone'', ''value'': ''Outras Zonas do Porto''}, {''type'': ''x-citysdk/themes'', ''value'': ''Estudar,Investigar''}, {''type'': ''x-citysdk/segments'', ''value'': ''Trabalhadores,Investigadores,Estudantes''}, {''type'': ''x-citysdk/cost-rating'', ''value'': ''1''}, {''type'': ''x-citysdk/average-time'', ''value'': ''0:0''}]','5cd04b42f979e000013a9c08','[{''lang'': ''pt-PT'', ''term'': ''primary'', ''value'': ''Petróleos de Portugal-Petrogal,SA''}, {''lang'': ''en-GB'', ''term'': ''primary'', ''value'': ''Petróleos de Portugal-Petrogal,SA''}, {''lang'': ''es-ES'', ''term'': ''primary'', ''value'': ''Petróleos de Portugal-Petrogal,SA''}]','pt-PT','BEGIN:VCARD VERSION:2.1 REV:20190226T17:27:45Z N:Petróleos de Portugal-Petrogal\,SA;Petróleos de Portugal-Petrogal\,SA;;; FN:Petróleos de Portugal-Petrogal\,SA Petróleos de Portugal-Petrogal\,SA ORG:Petróleos de Portugal-Petrogal\,SA ADR;WORK:;82;Estrada da Circunvalação;Porto;Porto;;Portugal TEL;WORK;VOICE:+351 225300126 END:VCARD','41.14559600','-8.57830900','[{''term'': ''open'', ''type'': ''text/icalendar'', ''value'': ''BEGIN:VCALENDAR VERSION:2.0 END:VCALENDAR''}]','2019-06-18T09:52:05.777000Z'
'True','https://city-api.wearebitmaker.com/CitySDK/pois','[{''lang'': ''pt-PT'', ''value'': ''Postos de Abastecimento''}, {''lang'': ''en-GB'', ''value'': ''Petrol station''}, {''lang'': ''es-ES'', ''value'': ''Gasolineras''}]','2019-05-06T14:57:06.349000Z','[]','[{''type'': ''x-citysdk/geographical-zone'', ''value'': ''Outras Zonas do Porto''}, {''type'': ''x-citysdk/themes'', ''value'': ''Investigar,Estudar''}, {''type'': ''x-citysdk/segments'', ''value'': ''Trabalhadores,Investigadores,Estudantes''}, {''type'': ''x-citysdk/cost-rating'', ''value'': ''1''}, {''type'': ''x-citysdk/average-time'', ''value'': ''0:0''}]','5cd04b42f979e000013a9c09','[{''lang'': ''pt-PT'', ''term'': ''primary'', ''value'': ''Carlos José Afonso''}, {''lang'': ''en-GB'', ''term'': ''primary'', ''value'': ''Carlos José Afonso''}, {''lang'': ''es-ES'', ''term'': ''primary'', ''value'': ''Carlos José Afonso''}]','pt-PT','BEGIN:VCARD VERSION:2.1 REV:20190226T17:27:45Z N:Carlos José Afonso;Carlos José Afonso;;; FN:Carlos José Afonso Carlos José Afonso ORG:Carlos José Afonso ADR;WORK:;148;Rua das Carvalheiras;Porto;Porto;4000-159;Portugal TEL;WORK;VOICE:+351 222086136 END:VCARD','41.15246600','-8.60673800','[{''term'': ''open'', ''type'': ''text/icalendar'', ''value'': ''BEGIN:VCALENDAR VERSION:2.0 END:VCALENDAR''}]','2019-06-18T09:53:05.721000Z'
'True','https://city-api.wearebitmaker.com/CitySDK/pois','[{''lang'': ''pt-PT'', ''value'': ''Postos de Abastecimento''}, {''lang'': ''en-GB'', ''value'': ''Petrol station''}, {''lang'': ''es-ES'', ''value'': ''Gasolineras''}]','2019-05-06T14:57:06.350000Z','[]','[{''type'': ''x-citysdk/geographical-zone'', ''value'': ''Outras Zonas do Porto''}, {''type'': ''x-citysdk/themes'', ''value'': ''Estudar,Investigar''}, {''type'': ''x-citysdk/segments'', ''value'': ''Investigadores,Estudantes,Trabalhadores''}, {''type'': ''x-citysdk/cost-rating'', ''value'': ''1''}, {''type'': ''x-citysdk/average-time'', ''value'': ''0:0''}]','5cd04b42f979e000013a9c0a','[{''lang'': ''pt-PT'', ''term'': ''primary'', ''value'': ''J. Arnaldo Costa & Filhos, Lda.''}, {''lang'': ''en-GB'', ''term'': ''primary'', ''value'': ''J. Arnaldo Costa & Filhos, Lda.''}, {''lang'': ''es-ES'', ''term'': ''primary'', ''value'': ''J. Arnaldo Costa & Filhos, Lda.''}]','pt-PT','BEGIN:VCARD VERSION:2.1 REV:20190226T17:27:45Z N:J. Arnaldo Costa & Filhos\, Lda.;J. Arnaldo Costa & Filhos\, Lda.;;; FN:J. Arnaldo Costa & Filhos\, Lda. J. Arnaldo Costa & Filhos\, Lda. ORG:J. Arnaldo Costa & Filhos\, Lda. ADR;WORK:;;Rua da Regeneração;Porto;Porto;;Portugal TEL;WORK;VOICE:+351 222001111 END:VCARD','41.15600500','-8.61178300','[{''term'': ''open'', ''type'': ''text/icalendar'', ''value'': ''BEGIN:VCALENDAR VERSION:2.0 END:VCALENDAR''}]','2019-06-18T09:53:42.694000Z'
'True','https://city-api.wearebitmaker.com/CitySDK/pois','[{''lang'': ''pt-PT'', ''value'': ''Postos de Abastecimento''}, {''lang'': ''en-GB'', ''value'': ''Petrol station''}, {''lang'': ''es-ES'', ''value'': ''Gasolineras''}]','2019-05-06T14:57:06.350000Z','[{''lang'': ''pt-PT'', ''value'': ''Livraria Lello, S.A.''}, {''lang'': ''en-GB'', ''value'': ''Livraria Lello, S.A.''}, {''lang'': ''es-ES'', ''value'': ''Livraria Lello, S.A.''}]','[{''type'': ''x-citysdk/geographical-zone'', ''value'': ''Outras Zonas do Porto''}, {''type'': ''x-citysdk/themes'', ''value'': ''Estudar,Investigar''}, {''type'': ''x-citysdk/segments'', ''value'': ''Investigadores,Estudantes,Trabalhadores''}, {''type'': ''x-citysdk/cost-rating'', ''value'': ''1''}, {''type'': ''x-citysdk/average-time'', ''value'': ''0:0''}]','5cd04b42f979e000013a9c0b','[{''lang'': ''pt-PT'', ''term'': ''primary'', ''value'': ''Maia & Menezes, Lda''}, {''lang'': ''en-GB'', ''term'': ''primary'', ''value'': ''Maia & Menezes, Lda''}, {''lang'': ''es-ES'', ''term'': ''primary'', ''value'': ''Maia & Menezes, Lda''}]','pt-PT','BEGIN:VCARD VERSION:2.1 REV:20190226T17:27:45Z N:Maia & Menezes\, Lda;Maia & Menezes\, Lda;;; FN:Maia & Menezes\, Lda Maia & Menezes\, Lda ORG:Maia & Menezes\, Lda ADR;WORK:;300-A;Rua do Marechal Saldanha;Porto;Porto;4150-651;Portugal TEL;WORK;VOICE:+351 226180235 END:VCARD','41.15722500','-8.67928200','[{''term'': ''open'', ''type'': ''text/icalendar'', ''value'': ''BEGIN:VCALENDAR VERSION:2.0 END:VCALENDAR''}]','2019-06-18T09:54:40.462000Z'
'True','https://city-api.wearebitmaker.com/CitySDK/pois','[{''lang'': ''pt-PT'', ''value'': ''Postos de Abastecimento''}, {''lang'': ''en-GB'', ''value'': ''Petrol station''}, {''lang'': ''es-ES'', ''value'': ''Gasolineras''}]','2019-05-06T14:57:06.352000Z','[{''lang'': ''pt-PT'', ''value'': ''Fernando S. Dias dos Santos''}, {''lang'': ''en-GB'', ''value'': ''Fernando S. Dias dos Santos''}, {''lang'': ''es-ES'', ''value'': ''Fernando S. Dias dos Santos''}]','[{''type'': ''x-citysdk/price'', ''value'': ''0''}, {''type'': ''x-citysdk/geographical-zone'', ''value'': ''Boavista''}, {''type'': ''x-citysdk/themes'', ''value'': ''Investigar,Estudar''}, {''type'': ''x-citysdk/segments'', ''value'': ''Investigadores,Trabalhadores,Estudantes''}, {''type'': ''x-citysdk/cost-rating'', ''value'': ''1''}, {''type'': ''x-citysdk/average-time'', ''value'': ''0:0''}]','5cd04b42f979e000013a9c0c','[{''lang'': ''pt-PT'', ''term'': ''primary'', ''value'': ''Francisco Dias & Ca., Lda.''}, {''lang'': ''en-GB'', ''term'': ''primary'', ''value'': ''Francisco Dias & Ca., Lda.''}, {''lang'': ''es-ES'', ''term'': ''primary'', ''value'': ''Francisco Dias & Ca., Lda.''}]','pt-PT','BEGIN:VCARD VERSION:2.1 REV:20190226T17:27:45Z N:Francisco Dias & Ca.\, Lda.;Francisco Dias & Ca.\, Lda.;;; FN:Francisco Dias & Ca.\, Lda. Francisco Dias & Ca.\, Lda. ORG:Francisco Dias & Ca.\, Lda. ADR;WORK:;2312;Rua da Constituição;Porto;Porto;;Portugal TEL;WORK;VOICE:+351 228312024 END:VCARD','41.16463200','-8.62556400','[{''term'': ''open'', ''type'': ''text/icalendar'', ''value'': ''BEGIN:VCALENDAR VERSION:2.0 END:VCALENDAR''}]','2019-06-18T09:55:19.019000Z'
'True','https://city-api.wearebitmaker.com/CitySDK/pois','[{''lang'': ''pt-PT'', ''value'': ''Postos de Abastecimento''}, {''lang'': ''en-GB'', ''value'': ''Petrol station''}, {''lang'': ''es-ES'', ''value'': ''Gasolineras''}]','2019-05-06T14:57:06.360000Z','[{''lang'': ''pt-PT'', ''value'': ''A Pérola do Bolhão ''}, {''lang'': ''en-GB'', ''value'': ''A Pérola do Bolhão ''}, {''lang'': ''es-ES'', ''value'': ''A Pérola do Bolhão ''}]','[{''type'': ''x-citysdk/price'', ''value'': ''0''}, {''type'': ''x-citysdk/geographical-zone'', ''value'': ''Outras Zonas do Porto''}, {''type'': ''x-citysdk/themes'', ''value'': ''Estudar,Investigar''}, {''type'': ''x-citysdk/segments'', ''value'': ''Trabalhadores,Investigadores,Estudantes''}, {''type'': ''x-citysdk/cost-rating'', ''value'': ''1''}, {''type'': ''x-citysdk/average-time'', ''value'': ''0:0''}]','5cd04b42f979e000013a9c0d','[{''lang'': ''pt-PT'', ''term'': ''primary'', ''value'': ''Rodogest, Lda.''}, {''lang'': ''en-GB'', ''term'': ''primary'', ''value'': ''Rodogest, Lda.''}, {''lang'': ''es-ES'', ''term'': ''primary'', ''value'': ''Rodogest, Lda.''}]','pt-PT','BEGIN:VCARD VERSION:2.1 REV:20190226T17:27:45Z N:Rodogest\, Lda.;Rodogest\, Lda.;;; FN:Rodogest\, Lda. Rodogest\, Lda. ORG:Rodogest\, Lda. ADR;WORK:;1757;Avenida de Fernão de Magalhães;Porto;Porto;;Portugal TEL;WORK;VOICE:+351 225092818 END:VCARD','41.16441200','-8.58937700','[{''term'': ''open'', ''type'': ''text/icalendar'', ''value'': ''BEGIN:VCALENDAR VERSION:2.0 END:VCALENDAR''}]','2019-06-18T09:56:30.265000Z'
'True','https://city-api.wearebitmaker.com/CitySDK/pois','[{''lang'': ''pt-PT'', ''value'': ''Postos de Abastecimento''}, {''lang'': ''en-GB'', ''value'': ''Petrol station''}, {''lang'': ''es-ES'', ''value'': ''Gasolineras''}]','2019-05-06T14:57:06.363000Z','[{''lang'': ''pt-PT'', ''value'': ''Armazém dos Linhos ''}, {''lang'': ''en-GB'', ''value'': ''Armazém dos Linhos ''}, {''lang'': ''es-ES'', ''value'': ''Armazém dos Linhos ''}]','[{''type'': ''x-citysdk/price'', ''value'': ''0''}, {''type'': ''x-citysdk/geographical-zone'', ''value'': ''Outras Zonas do Porto''}, {''type'': ''x-citysdk/themes'', ''value'': ''Estudar,Investigar''}, {''type'': ''x-citysdk/segments'', ''value'': ''Estudantes,Trabalhadores,Investigadores''}, {''type'': ''x-citysdk/cost-rating'', ''value'': ''1''}, {''type'': ''x-citysdk/average-time'', ''value'': ''0:0''}]','5cd04b42f979e000013a9c0e','[{''lang'': ''pt-PT'', ''term'': ''primary'', ''value'': ''Rodogest, Lda.''}, {''lang'': ''en-GB'', ''term'': ''primary'', ''value'': ''Rodogest, Lda.''}, {''lang'': ''es-ES'', ''term'': ''primary'', ''value'': ''Rodogest, Lda.''}]','pt-PT','BEGIN:VCARD VERSION:2.1 REV:20190226T17:27:45Z N:Rodogest\, Lda.;Rodogest\, Lda.;;; FN:Rodogest\, Lda. Rodogest\, Lda. ORG:Rodogest\, Lda. ADR;WORK:;334;Rua de Carlos Malheiro Dias;Porto;Porto;;Portugal TEL;WORK;VOICE:225028615 END:VCARD','41.16110800','-8.59732300','[{''term'': ''open'', ''type'': ''text/icalendar'', ''value'': ''BEGIN:VCALENDAR VERSION:2.0 END:VCALENDAR''}]','2019-06-18T09:57:02.161000Z'
'True','https://city-api.wearebitmaker.com/CitySDK/pois','[{''lang'': ''pt-PT'', ''value'': ''Postos de Abastecimento''}, {''lang'': ''en-GB'', ''value'': ''Petrol station''}, {''lang'': ''es-ES'', ''value'': ''Gasolineras''}]','2019-05-06T14:57:06.365000Z','[{''lang'': ''pt-PT'', ''value'': ''Cardoso Cabeleireiro''}, {''lang'': ''en-GB'', ''value'': ''Cardoso Cabeleireiro''}, {''lang'': ''es-ES'', ''value'': ''Cardoso Cabeleireiro''}]','[{''type'': ''x-citysdk/geographical-zone'', ''value'': ''Outras Zonas do Porto''}, {''type'': ''x-citysdk/themes'', ''value'': ''Investigar,Estudar''}, {''type'': ''x-citysdk/segments'', ''value'': ''Trabalhadores,Investigadores,Estudantes''}, {''type'': ''x-citysdk/cost-rating'', ''value'': ''1''}, {''type'': ''x-citysdk/average-time'', ''value'': ''0:0''}]','5cd04b42f979e000013a9c0f','[{''lang'': ''pt-PT'', ''term'': ''primary'', ''value'': ''M. Domingos & Pereira, Lda''}, {''lang'': ''en-GB'', ''term'': ''primary'', ''value'': ''M. Domingos & Pereira, Lda''}, {''lang'': ''es-ES'', ''term'': ''primary'', ''value'': ''M. Domingos & Pereira, Lda''}]','pt-PT','BEGIN:VCARD VERSION:2.1 REV:20190226T17:27:45Z N:M. Domingos & Pereira\, Lda;M. Domingos & Pereira\, Lda;;; FN:M. Domingos & Pereira\, Lda M. Domingos & Pereira\, Lda ORG:M. Domingos & Pereira\, Lda ADR;WORK:;1131;Avenida de Fernão de Magalhães;Porto;Porto;4350-169;Portugal TEL;WORK;VOICE:+351 225369901 END:VCARD','41.15988700','-8.59267100','[{''term'': ''open'', ''type'': ''text/icalendar'', ''value'': ''BEGIN:VCALENDAR VERSION:2.0 END:VCALENDAR''}]','2019-06-18T09:57:52.844000Z'
'True','https://city-api.wearebitmaker.com/CitySDK/pois','[{''lang'': ''pt-PT'', ''value'': ''Postos de Abastecimento''}, {''lang'': ''en-GB'', ''value'': ''Petrol station''}, {''lang'': ''es-ES'', ''value'': ''Gasolineras''}]','2019-05-06T14:57:06.366000Z','[]','[{''type'': ''x-citysdk/geographical-zone'', ''value'': ''Outras Zonas do Porto''}, {''type'': ''x-citysdk/themes'', ''value'': ''Investigar,Estudar''}, {''type'': ''x-citysdk/segments'', ''value'': ''Trabalhadores,Investigadores,Estudantes''}, {''type'': ''x-citysdk/cost-rating'', ''value'': ''1''}, {''type'': ''x-citysdk/average-time'', ''value'': ''0:0''}]','5cd04b42f979e000013a9c10','[{''lang'': ''pt-PT'', ''term'': ''primary'', ''value'': ''Gaspe, Lda''}, {''lang'': ''en-GB'', ''term'': ''primary'', ''value'': ''Gaspe, Lda''}, {''lang'': ''es-ES'', ''term'': ''primary'', ''value'': ''Gaspe, Lda''}]','pt-PT','BEGIN:VCARD VERSION:2.1 REV:20190226T17:27:45Z N:Gaspe\, Lda;Gaspe\, Lda;;; FN:Gaspe\, Lda Gaspe\, Lda ORG:Gaspe\, Lda ADR;WORK:;94;Rua de Ferreira Cardoso;Porto;Porto;;Portugal TEL;WORK;VOICE:+351 225375430 END:VCARD','41.14657700','-8.59607400','[{''term'': ''open'', ''type'': ''text/icalendar'', ''value'': ''BEGIN:VCALENDAR VERSION:2.0 END:VCALENDAR''}]','2019-06-18T09:59:00.980000Z'
'True','https://city-api.wearebitmaker.com/CitySDK/pois','[{''lang'': ''pt-PT'', ''value'': ''Postos de Abastecimento''}, {''lang'': ''en-GB'', ''value'': ''Petrol station''}, {''lang'': ''es-ES'', ''value'': ''Gasolineras''}]','2019-05-06T14:57:06.367000Z','[{''lang'': ''pt-PT'', ''value'': ''Casa Hortícola''}, {''lang'': ''en-GB'', ''value'': ''Casa Hortícola''}, {''lang'': ''es-ES'', ''value'': ''Casa Hortícola''}]','[{''type'': ''x-citysdk/geographical-zone'', ''value'': ''Outras Zonas do Porto''}, {''type'': ''x-citysdk/themes'', ''value'': ''Investigar,Estudar''}, {''type'': ''x-citysdk/segments'', ''value'': ''Estudantes,Investigadores,Trabalhadores''}, {''type'': ''x-citysdk/cost-rating'', ''value'': ''1''}, {''type'': ''x-citysdk/average-time'', ''value'': ''0:0''}]','5cd04b42f979e000013a9c11','[{''lang'': ''pt-PT'', ''term'': ''primary'', ''value'': ''M. Fátima F. M. Ribeiro Ferreira''}, {''lang'': ''en-GB'', ''term'': ''primary'', ''value'': ''M. Fátima F. M. Ribeiro Ferreira''}, {''lang'': ''es-ES'', ''term'': ''primary'', ''value'': ''M. Fátima F. M. Ribeiro Ferreira''}]','pt-PT','BEGIN:VCARD VERSION:2.1 REV:20190226T17:27:45Z N:M. Fátima F. M. Ribeiro Ferreira;M. Fátima F. M. Ribeiro Ferreira;;; FN:M. Fátima F. M. Ribeiro Ferreira M. Fátima F. M. Ribeiro Ferreira ORG:M. Fátima F. M. Ribeiro Ferreira ADR;WORK:;423;Rua de Pinto Bessa;Porto;Porto;;Portugal TEL;WORK;VOICE:+351 225100063 END:VCARD','41.14995900','-8.59096500','[{''term'': ''open'', ''type'': ''text/icalendar'', ''value'': ''BEGIN:VCALENDAR VERSION:2.0 END:VCALENDAR''}]','2019-06-18T09:59:47.081000Z'
'True','https://city-api.wearebitmaker.com/CitySDK/pois','[{''lang'': ''pt-PT'', ''value'': ''Postos de Abastecimento''}, {''lang'': ''en-GB'', ''value'': ''Petrol station''}, {''lang'': ''es-ES'', ''value'': ''Gasolineras''}]','2019-05-06T14:57:06.369000Z','[]','[{''type'': ''x-citysdk/price'', ''value'': ''0''}, {''type'': ''x-citysdk/geographical-zone'', ''value'': ''Outras Zonas do Porto''}, {''type'': ''x-citysdk/themes'', ''value'': ''Investigar,Estudar''}, {''type'': ''x-citysdk/segments'', ''value'': ''Estudantes,Investigadores,Trabalhadores''}, {''type'': ''x-citysdk/cost-rating'', ''value'': ''1''}, {''type'': ''x-citysdk/average-time'', ''value'': ''0:0''}]','5cd04b42f979e000013a9c12','[{''lang'': ''pt-PT'', ''term'': ''primary'', ''value'': ''Fonseca Coelho & Ca., Lda.''}, {''lang'': ''en-GB'', ''term'': ''primary'', ''value'': ''Fonseca Coelho & Ca., Lda.''}, {''lang'': ''es-ES'', ''term'': ''primary'', ''value'': ''FoFonseca Coelho & Ca., Lda.''}]','pt-PT','BEGIN:VCARD VERSION:2.1 REV:20190226T17:27:45Z N:Fonseca Coelho & Ca.\, Lda.;Fonseca Coelho & Ca.\, Lda.;;; FN:Fonseca Coelho & Ca.\, Lda. Fonseca Coelho & Ca.\, Lda. ORG:Fonseca Coelho & Ca.\, Lda. ADR;WORK:;150;Rua do Covelo;Porto;Porto;;Portugal TEL;WORK;VOICE:225091229 END:VCARD','41.16670700','-8.60833000','[{''term'': ''open'', ''type'': ''text/icalendar'', ''value'': ''BEGIN:VCALENDAR VERSION:2.0 END:VCALENDAR''}]','2019-06-18T10:00:38.234000Z'
'True','https://city-api.wearebitmaker.com/CitySDK/pois','[{''lang'': ''pt-PT'', ''value'': ''Postos de Abastecimento''}, {''lang'': ''en-GB'', ''value'': ''Petrol station''}, {''lang'': ''es-ES'', ''value'': ''Gasolineras''}]','2019-05-06T14:57:06.370000Z','[]','[{''type'': ''x-citysdk/price'', ''value'': ''0''}, {''type'': ''x-citysdk/geographical-zone'', ''value'': ''Outras Zonas do Porto''}, {''type'': ''x-citysdk/themes'', ''value'': ''Investigar,Estudar''}, {''type'': ''x-citysdk/segments'', ''value'': ''Investigadores,Trabalhadores,Estudantes''}, {''type'': ''x-citysdk/cost-rating'', ''value'': ''1''}, {''type'': ''x-citysdk/average-time'', ''value'': ''0:0''}]','5cd04b42f979e000013a9c13','[{''lang'': ''pt-PT'', ''term'': ''primary'', ''value'': ''Cepsa - Faria Guimarães''}, {''lang'': ''en-GB'', ''term'': ''primary'', ''value'': ''Cepsa - Faria Guimarães''}, {''lang'': ''es-ES'', ''term'': ''primary'', ''value'': ''Cepsa - Faria Guimarães''}]','pt-PT','BEGIN:VCARD VERSION:2.1 REV:20190226T17:27:45Z N:Cepsa - Faria Guimarães;Cepsa - Faria Guimarães;;; FN:Cepsa - Faria Guimarães Cepsa - Faria Guimarães ORG:Cepsa - Faria Guimarães ADR;WORK:;1299;Rua de Faria Guimarães;Porto;Porto;4200-294;Portugal TEL;WORK;VOICE:+351 225504179 END:VCARD','41.16908900','-8.60646900','[{''term'': ''open'', ''type'': ''text/icalendar'', ''value'': ''BEGIN:VCALENDAR VERSION:2.0 END:VCALENDAR''}]','2019-06-18T10:01:09.681000Z'
'True','https://city-api.wearebitmaker.com/CitySDK/pois','[{''lang'': ''pt-PT'', ''value'': ''Postos de Abastecimento''}, {''lang'': ''en-GB'', ''value'': ''Petrol station''}, {''lang'': ''es-ES'', ''value'': ''Gasolineras''}]','2019-05-06T14:57:06.370000Z','[]','[{''type'': ''x-citysdk/themes'', ''value'': ''Investigar,Estudar''}, {''type'': ''x-citysdk/segments'', ''value'': ''Investigadores,Estudantes,Trabalhadores''}, {''type'': ''x-citysdk/cost-rating'', ''value'': ''1''}, {''type'': ''x-citysdk/average-time'', ''value'': ''0:0''}]','5cd04b42f979e000013a9c14','[{''lang'': ''pt-PT'', ''term'': ''primary'', ''value'': ''SporJop, Lda''}, {''lang'': ''en-GB'', ''term'': ''primary'', ''value'': ''SporJop, Lda''}, {''lang'': ''es-ES'', ''term'': ''primary'', ''value'': ''SporJop, Lda''}]','pt-PT','BEGIN:VCARD VERSION:2.1 REV:20190226T17:27:45Z N:SporJop\, Lda;SporJop\, Lda;;; FN:SporJop\, Lda SporJop\, Lda ORG:SporJop\, Lda ADR;WORK:;18;Avenida da Boavista;Porto;Porto;;Portugal TEL;WORK;VOICE:226155372 END:VCARD','41.16169200','-8.65063000','[{''term'': ''open'', ''type'': ''text/icalendar'', ''value'': ''BEGIN:VCALENDAR VERSION:2.0 END:VCALENDAR''}]','2019-06-18T10:02:03.718000Z'
'True','https://city-api.wearebitmaker.com/CitySDK/pois','[{''lang'': ''pt-PT'', ''value'': ''Postos de Abastecimento''}, {''lang'': ''en-GB'', ''value'': ''Petrol station''}, {''lang'': ''es-ES'', ''value'': ''Gasolineras''}]','2019-05-06T14:57:06.370000Z','[]','[{''type'': ''x-citysdk/price'', ''value'': ''0''}, {''type'': ''x-citysdk/geographical-zone'', ''value'': ''Outras Zonas do Porto''}, {''type'': ''x-citysdk/themes'', ''value'': ''Investigar,Estudar''}, {''type'': ''x-citysdk/segments'', ''value'': ''Investigadores,Trabalhadores,Estudantes''}, {''type'': ''x-citysdk/cost-rating'', ''value'': ''1''}, {''type'': ''x-citysdk/average-time'', ''value'': ''0:0''}]','5cd04b42f979e000013a9c15','[{''lang'': ''pt-PT'', ''term'': ''primary'', ''value'': ''Cepsa - Circunvalação''}, {''lang'': ''en-GB'', ''term'': ''primary'', ''value'': ''Cepsa - Circunvalação''}, {''lang'': ''es-ES'', ''term'': ''primary'', ''value'': ''Cepsa - Circunvalação''}]','pt-PT','BEGIN:VCARD VERSION:2.1 REV:20190226T17:27:45Z N:Cepsa - Circunvalação;Cepsa - Circunvalação;;; FN:Cepsa - Circunvalação Cepsa - Circunvalação ORG:Cepsa - Circunvalação ADR;WORK:;10783;Estrada da Circunvalação;Porto;Porto;4250-152;Portugal TEL;WORK;VOICE:+351 228300347 END:VCARD','41.18041700','-8.63521600','[{''term'': ''open'', ''type'': ''text/icalendar'', ''value'': ''BEGIN:VCALENDAR VERSION:2.0 END:VCALENDAR''}]','2019-06-18T10:03:06.498000Z'
'True','https://city-api.wearebitmaker.com/CitySDK/pois','[{''lang'': ''pt-PT'', ''value'': ''Postos de Abastecimento''}, {''lang'': ''en-GB'', ''value'': ''Petrol station''}, {''lang'': ''es-ES'', ''value'': ''Gasolineras''}]','2019-05-06T14:57:06.372000Z','[]','[{''type'': ''x-citysdk/price'', ''value'': ''0''}, {''type'': ''x-citysdk/geographical-zone'', ''value'': ''Outras Zonas do Porto''}, {''type'': ''x-citysdk/themes'', ''value'': ''Investigar,Estudar''}, {''type'': ''x-citysdk/segments'', ''value'': ''Investigadores,Estudantes,Trabalhadores''}, {''type'': ''x-citysdk/cost-rating'', ''value'': ''1''}, {''type'': ''x-citysdk/average-time'', ''value'': ''0:0''}]','5cd04b42f979e000013a9c16','[{''lang'': ''pt-PT'', ''term'': ''primary'', ''value'': ''Jumbo - Circunvalação''}, {''lang'': ''en-GB'', ''term'': ''primary'', ''value'': ''Jumbo - Circunvalação''}, {''lang'': ''es-ES'', ''term'': ''primary'', ''value'': ''Jumbo - Circunvalação''}]','pt-PT','BEGIN:VCARD VERSION:2.1 REV:20190226T17:27:45Z N:Jumbo - Circunvalação;Jumbo - Circunvalação;;; FN:Jumbo - Circunvalação Jumbo - Circunvalação ORG:Jumbo - Circunvalação ADR;WORK:;1674;Estrada da Circunvalação;Porto;Porto;4300-137;Portugal END:VCARD','41.17242500','-8.56702200','[{''term'': ''open'', ''type'': ''text/icalendar'', ''value'': ''BEGIN:VCALENDAR VERSION:2.0 END:VCALENDAR''}]','2019-06-18T10:03:39.027000Z'
'True','https://city-api.wearebitmaker.com/CitySDK/pois','[{''lang'': ''pt-PT'', ''value'': ''Postos de Abastecimento''}, {''lang'': ''en-GB'', ''value'': ''Petrol station''}, {''lang'': ''es-ES'', ''value'': ''Gasolineras''}]','2019-05-06T14:57:06.372000Z','[]','[{''type'': ''x-citysdk/price'', ''value'': ''0''}, {''type'': ''x-citysdk/geographical-zone'', ''value'': ''Outras Zonas do Porto''}, {''type'': ''x-citysdk/themes'', ''value'': ''Investigar,Estudar''}, {''type'': ''x-citysdk/segments'', ''value'': ''Estudantes,Trabalhadores,Investigadores''}, {''type'': ''x-citysdk/cost-rating'', ''value'': ''1''}, {''type'': ''x-citysdk/average-time'', ''value'': ''0:0''}]','5cd04b42f979e000013a9c17','[{''lang'': ''pt-PT'', ''term'': ''primary'', ''value'': ''Cepsa - S. Dinis''}, {''lang'': ''en-GB'', ''term'': ''primary'', ''value'': ''Cepsa - S. Dinis''}, {''lang'': ''es-ES'', ''term'': ''primary'', ''value'': ''Cepsa - S. Dinis''}]','pt-PT','BEGIN:VCARD VERSION:2.1 REV:20190226T17:27:45Z N:Cepsa - S. Dinis;Cepsa - S. Dinis;;; FN:Cepsa - S. Dinis Cepsa - S. Dinis ORG:Cepsa - S. Dinis ADR;WORK:;290;Rua de S. Dinis;Porto;Porto;4250-427;Portugal TEL;WORK;VOICE:+351 228304910 END:VCARD','41.16747900','-8.61973000','[{''term'': ''open'', ''type'': ''text/icalendar'', ''value'': ''BEGIN:VCALENDAR VERSION:2.0 END:VCALENDAR''}]','2019-06-18T10:04:18.764000Z'
'True','https://city-api.wearebitmaker.com/CitySDK/pois','[{''lang'': ''pt-PT'', ''value'': ''Postos de Abastecimento''}, {''lang'': ''en-GB'', ''value'': ''Petrol station''}, {''lang'': ''es-ES'', ''value'': ''Gasolineras''}]','2019-05-06T14:57:06.372000Z','[]','[{''type'': ''x-citysdk/geographical-zone'', ''value'': ''Boavista''}, {''type'': ''x-citysdk/themes'', ''value'': ''Estudar,Investigar''}, {''type'': ''x-citysdk/segments'', ''value'': ''Trabalhadores,Estudantes,Investigadores''}, {''type'': ''x-citysdk/cost-rating'', ''value'': ''1''}, {''type'': ''x-citysdk/average-time'', ''value'': ''0:0''}]','5cd04b42f979e000013a9c18','[{''lang'': ''pt-PT'', ''term'': ''primary'', ''value'': ''Manuel da Costa Marques, Lda''}, {''lang'': ''en-GB'', ''term'': ''primary'', ''value'': ''Manuel da Costa Marques, Lda''}, {''lang'': ''es-ES'', ''term'': ''primary'', ''value'': ''Manuel da Costa Marques, Lda''}]','pt-PT','BEGIN:VCARD VERSION:2.1 REV:20190226T17:27:45Z N:Manuel da Costa Marques\, Lda;Manuel da Costa Marques\, Lda;;; FN:Manuel da Costa Marques\, Lda Manuel da Costa Marques\, Lda ORG:Manuel da Costa Marques\, Lda ADR;WORK:;285;Rua do Bom Sucesso;Porto;Porto;4150-150;Portugal TEL;WORK;VOICE:+351 226092132 END:VCARD','41.15453500','-8.62893300','[{''term'': ''open'', ''type'': ''text/icalendar'', ''value'': ''BEGIN:VCALENDAR VERSION:2.0 END:VCALENDAR''}]','2019-06-18T10:04:41.769000Z'
'True','http://citysdk.url.pt/pois/','[{''lang'': ''pt-PT'', ''value'': ''Postos de Abastecimento''}, {''lang'': ''en-GB'', ''value'': ''Petrol station''}, {''lang'': ''es-ES'', ''value'': ''Gasolineras''}]','2019-05-06T14:57:06.373000Z','[]','[{''type'': ''x-citysdk/price'', ''value'': ''0''}, {''type'': ''x-citysdk/geographical-zone'', ''value'': ''Outras zonas do Porto''}, {''type'': ''x-citysdk/themes'', ''value'': ''Investigar,Estudar''}, {''type'': ''x-citysdk/segments'', ''value'': ''Estudantes,Investigadores,Trabalhadores''}, {''type'': ''x-citysdk/cost-rating'', ''value'': ''1''}, {''type'': ''x-citysdk/average-time'', ''value'': ''0:0''}]','5cd04b42f979e000013a9c19','[{''lang'': ''pt-PT'', ''term'': ''primary'', ''value'': ''Américo Mascarenhas R. Soares & Herd.''}, {''lang'': ''en-GB'', ''term'': ''primary'', ''value'': ''Américo Mascarenhas R. Soares & Herd.''}, {''lang'': ''es-ES'', ''term'': ''primary'', ''value'': ''Américo Mascarenhas R. Soares & Herd.''}]','pt-PT','BEGIN:VCARD VERSION:2.1 REV:20190226T17:27:45Z N:Américo Mascarenhas R. Soares & Herd.;Américo Mascarenhas R. Soares & Herd.;;; FN:Américo Mascarenhas R. Soares & Herd. Américo Mascarenhas R. Soares & Herd. ORG:Américo Mascarenhas R. Soares & Herd. ADR;WORK:;793;Travessa de S. Brás;Porto;Porto;4000-498;Portugal TEL;WORK;VOICE:+351 225023919 END:VCARD','41.158948','-8.610262','','2019-06-05T15:33:25.660000Z'
'True','https://city-api.wearebitmaker.com/CitySDK/pois','[{''lang'': ''pt-PT'', ''value'': ''Postos de Abastecimento''}, {''lang'': ''en-GB'', ''value'': ''Petrol station''}, {''lang'': ''es-ES'', ''value'': ''Gasolineras''}]','2019-05-06T14:57:06.373000Z','[]','[{''type'': ''x-citysdk/price'', ''value'': ''0''}, {''type'': ''x-citysdk/geographical-zone'', ''value'': ''Outras Zonas do Porto''}, {''type'': ''x-citysdk/themes'', ''value'': ''Investigar,Estudar''}, {''type'': ''x-citysdk/segments'', ''value'': ''Estudantes,Investigadores,Trabalhadores''}, {''type'': ''x-citysdk/cost-rating'', ''value'': ''1''}, {''type'': ''x-citysdk/average-time'', ''value'': ''0:0''}]','5cd04b42f979e000013a9c1a','[{''lang'': ''pt-PT'', ''term'': ''primary'', ''value'': ''Serafim Caetano Pereira, Lda.''}, {''lang'': ''en-GB'', ''term'': ''primary'', ''value'': ''Serafim Caetano Pereira, Lda.''}, {''lang'': ''es-ES'', ''term'': ''primary'', ''value'': ''Serafim Caetano Pereira, Lda.''}]','pt-PT','BEGIN:VCARD VERSION:2.1 REV:20190226T17:27:45Z N:Serafim Caetano Pereira\, Lda.;Serafim Caetano Pereira\, Lda.;;; FN:Serafim Caetano Pereira\, Lda. Serafim Caetano Pereira\, Lda. ORG:Serafim Caetano Pereira\, Lda. ADR;WORK:;616;Rua da Constituição;Porto;Porto;;Portugal TEL;WORK;VOICE:+351 225095352 END:VCARD','41.16212600','-8.60563300','[{''term'': ''open'', ''type'': ''text/icalendar'', ''value'': ''BEGIN:VCALENDAR VERSION:2.0 END:VCALENDAR''}]','2019-06-18T10:05:11.834000Z'
'True','https://city-api.wearebitmaker.com/CitySDK/pois','[{''lang'': ''pt-PT'', ''value'': ''Postos de Abastecimento''}, {''lang'': ''en-GB'', ''value'': ''Petrol station''}, {''lang'': ''es-ES'', ''value'': ''Gasolineras''}]','2019-05-06T14:57:07.831000Z','[]','[{''type'': ''x-citysdk/price'', ''value'': ''0''}, {''type'': ''x-citysdk/card-types'', ''value'': ''Multibanco,VISA,American Express,Mastercard''}, {''type'': ''x-citysdk/geographical-zone'', ''value'': ''Outras Zonas do Porto''}, {''type'': ''x-citysdk/themes'', ''value'': ''Investigar,Estudar''}, {''type'': ''x-citysdk/segments'', ''value'': ''Investigadores,Trabalhadores,Estudantes''}, {''type'': ''x-citysdk/cost-rating'', ''value'': ''1''}, {''type'': ''x-citysdk/average-time'', ''value'': ''0:0''}, {''type'': ''x-citysdk/petrol-station-characteristics'', ''value'': ''Lavagem,Lubrificantes,Multibanco''}]','5cd04b43f979e000013bee6b','[{''lang'': ''pt-PT'', ''term'': ''primary'', ''value'': ''Galp - Àrea de Serviço Freixo ''}, {''lang'': ''en-GB'', ''term'': ''primary'', ''value'': ''Galp - Àrea de Serviço Freixo ''}, {''lang'': ''es-ES'', ''term'': ''primary'', ''value'': ''Galp - Àrea de Serviço Freixo ''}]','pt-PT','BEGIN:VCARD VERSION:2.1 REV:20190226T17:27:45Z N:Galp - Àrea de Serviço Freixo ;Galp - Àrea de Serviço Freixo ;;; FN:Galp - Àrea de Serviço Freixo  Galp - Àrea de Serviço Freixo  ORG:Galp - Àrea de Serviço Freixo  ADR;WORK:;82/130;Estrada Exterior da Circunvalação;Porto;Porto;4300-129;Portugal TEL;WORK;VOICE:+351 225300126 END:VCARD','41.17901570','-8.57199440','[{''term'': ''open'', ''type'': ''text/icalendar'', ''value'': ''BEGIN:VCALENDAR VERSION:2.0 BEGIN:VEVENT SUMMARY: DTSTART:20190101T000000Z DTEND:50190115T235900Z DESCRIPTION: LOCATION: RRULE:FREQ=WEEKLY;INTERVAL=1;BYDAY=SU,MO,TU,WE,TH,FR,SA END:VEVENT END:VCALENDAR''}]','2019-06-18T10:17:17.850000Z'
'True','https://city-api.wearebitmaker.com/CitySDK/pois','[{''lang'': ''pt-PT'', ''value'': ''Postos de Abastecimento''}, {''lang'': ''en-GB'', ''value'': ''Petrol station''}, {''lang'': ''es-ES'', ''value'': ''Gasolineras''}]','2019-05-06T14:57:07.832000Z','[]','[{''type'': ''x-citysdk/price'', ''value'': ''0''}, {''type'': ''x-citysdk/card-types'', ''value'': ''American Express,Mastercard,Multibanco,VISA''}, {''type'': ''x-citysdk/geographical-zone'', ''value'': ''Boavista''}, {''type'': ''x-citysdk/themes'', ''value'': ''Estudar,Investigar''}, {''type'': ''x-citysdk/segments'', ''value'': ''Trabalhadores,Investigadores,Estudantes''}, {''type'': ''x-citysdk/cost-rating'', ''value'': ''1''}, {''type'': ''x-citysdk/average-time'', ''value'': ''0:0''}, {''type'': ''x-citysdk/petrol-station-characteristics'', ''value'': ''Baterias,GPL,Lavagem,Lubrificantes,Multibanco,Pneus''}]','5cd04b43f979e000013bee6c','[{''lang'': ''pt-PT'', ''term'': ''primary'', ''value'': ''Galp -  Àrea de Serviço Francos ''}, {''lang'': ''en-GB'', ''term'': ''primary'', ''value'': ''Galp -  Àrea de Serviço Francos ''}, {''lang'': ''es-ES'', ''term'': ''primary'', ''value'': ''Galp -  Àrea de Serviço Francos ''}]','pt-PT','BEGIN:VCARD VERSION:2.1 REV:20190226T17:27:45Z N:Galp -  Àrea de Serviço Francos ;Galp -  Àrea de Serviço Francos ;;; FN:Galp -  Àrea de Serviço Francos  Galp -  Àrea de Serviço Francos  ORG:Galp -  Àrea de Serviço Francos  ADR;WORK:;15;Avenida do Bessa;Porto;Porto;4100-122;Portugal TEL;WORK;VOICE:+351 226097808 END:VCARD','41.16522050','-8.64328840','[{''term'': ''open'', ''type'': ''text/icalendar'', ''value'': ''BEGIN:VCALENDAR VERSION:2.0 END:VCALENDAR''}]','2019-06-18T10:17:49.270000Z'
'True','https://city-api.wearebitmaker.com/CitySDK/pois','[{''lang'': ''pt-PT'', ''value'': ''Postos de Abastecimento''}, {''lang'': ''en-GB'', ''value'': ''Petrol station''}, {''lang'': ''es-ES'', ''value'': ''Gasolineras''}]','2019-05-06T14:57:07.834000Z','[]','[{''type'': ''x-citysdk/geographical-zone'', ''value'': ''Outras Zonas do Porto''}, {''type'': ''x-citysdk/themes'', ''value'': ''Investigar,Estudar''}, {''type'': ''x-citysdk/segments'', ''value'': ''Trabalhadores,Estudantes,Investigadores''}, {''type'': ''x-citysdk/cost-rating'', ''value'': ''1''}, {''type'': ''x-citysdk/average-time'', ''value'': ''0:0''}]','5cd04b43f979e000013bee71','[{''lang'': ''pt-PT'', ''term'': ''primary'', ''value'': ''Jumbo - S. Roque da Lameira''}, {''lang'': ''en-GB'', ''term'': ''primary'', ''value'': ''Jumbo - S. Roque da Lameira''}, {''lang'': ''es-ES'', ''term'': ''primary'', ''value'': ''Jumbo - S. Roque da Lameira''}]','pt-PT','BEGIN:VCARD VERSION:2.1 REV:20190226T17:27:45Z N:Jumbo - S. Roque da Lameira;Jumbo - S. Roque da Lameira;;; FN:Jumbo - S. Roque da Lameira Jumbo - S. Roque da Lameira ORG:Jumbo - S. Roque da Lameira ADR;WORK:;429/485 ;Alameda de Cartes;Porto;Porto;4300-008 ;Portugal END:VCARD','41.16239630','-8.57447410','[{''term'': ''open'', ''type'': ''text/icalendar'', ''value'': ''BEGIN:VCALENDAR VERSION:2.0 END:VCALENDAR''}]','2019-06-18T10:19:10.549000Z'
'True','https://city-api.wearebitmaker.com/CitySDK/pois','[{''lang'': ''pt-PT'', ''value'': ''Postos de Abastecimento''}, {''lang'': ''en-GB'', ''value'': ''Petrol station''}, {''lang'': ''es-ES'', ''value'': ''Gasolineras''}]','2019-05-06T14:57:07.856000Z','[]','[{''type'': ''x-citysdk/price'', ''value'': ''0''}, {''type'': ''x-citysdk/geographical-zone'', ''value'': ''Outras Zonas do Porto''}, {''type'': ''x-citysdk/themes'', ''value'': ''Estudar,Investigar''}, {''type'': ''x-citysdk/segments'', ''value'': ''Trabalhadores,Investigadores,Estudantes''}, {''type'': ''x-citysdk/cost-rating'', ''value'': ''1''}, {''type'': ''x-citysdk/average-time'', ''value'': ''0:0''}]','5cd04b43f979e000013bee72','[{''lang'': ''pt-PT'', ''term'': ''primary'', ''value'': ''Repsol - Antas I''}, {''lang'': ''en-GB'', ''term'': ''primary'', ''value'': ''Repsol - Antas I''}, {''lang'': ''es-ES'', ''term'': ''primary'', ''value'': ''Repsol - Antas I''}]','pt-PT','BEGIN:VCARD VERSION:2.1 REV:20190226T17:27:45Z N:Repsol - Antas I;Repsol - Antas I;;; FN:Repsol - Antas I Repsol - Antas I ORG:Repsol - Antas I ADR;WORK:;1626;Avenida Fernão de Magalhães;Porto;Porto;4350-158 ;Portugal TEL;WORK;VOICE:+351 225502818 END:VCARD','41.16316397','-8.59004259','[{''term'': ''open'', ''type'': ''text/icalendar'', ''value'': ''BEGIN:VCALENDAR VERSION:2.0 END:VCALENDAR''}]','2019-06-18T10:19:48.692000Z'
'True','https://city-api.wearebitmaker.com/CitySDK/pois','[{''lang'': ''pt-PT'', ''value'': ''Postos de Abastecimento''}, {''lang'': ''en-GB'', ''value'': ''Petrol station''}, {''lang'': ''es-ES'', ''value'': ''Gasolineras''}]','2019-05-06T14:57:10.196000Z','[]','[{''type'': ''x-citysdk/price'', ''value'': ''0''}, {''type'': ''x-citysdk/geographical-zone'', ''value'': ''Boavista''}, {''type'': ''x-citysdk/themes'', ''value'': ''Investigar,Estudar''}, {''type'': ''x-citysdk/segments'', ''value'': ''Estudantes,Trabalhadores,Investigadores''}, {''type'': ''x-citysdk/cost-rating'', ''value'': ''1''}, {''type'': ''x-citysdk/average-time'', ''value'': ''0:0''}]','5cd04b46f979e00001234af4','[{''lang'': ''pt-PT'', ''term'': ''primary'', ''value'': ''BP - São João de Brito''}, {''lang'': ''en-GB'', ''term'': ''primary'', ''value'': ''BP - São João de Brito''}, {''lang'': ''es-ES'', ''term'': ''primary'', ''value'': ''BP - São João de Brito''}]','pt-PT','BEGIN:VCARD VERSION:2.1 REV:20190226T17:27:45Z N:BP - São João de Brito;BP - São João de Brito;;; FN:BP - São João de Brito BP - São João de Brito ORG:BP - São João de Brito ADR;WORK:;1828;Largo São João de Brito;Porto;Porto;4100-452 ;Portugal TEL;WORK;VOICE:+351 226172363 END:VCARD','41.16175900','-8.65066100','[{''term'': ''open'', ''type'': ''text/icalendar'', ''value'': ''BEGIN:VCALENDAR VERSION:2.0 END:VCALENDAR''}]','2019-06-18T11:09:30.949000Z'
'True','https://city-api.wearebitmaker.com/CitySDK/pois','[{''lang'': ''pt-PT'', ''value'': ''Postos de Abastecimento''}, {''lang'': ''en-GB'', ''value'': ''Petrol station''}, {''lang'': ''es-ES'', ''value'': ''Gasolineras''}]','2019-05-06T14:57:10.200000Z','[]','[{''type'': ''x-citysdk/price'', ''value'': ''0''}, {''type'': ''x-citysdk/geographical-zone'', ''value'': ''Outras Zonas do Porto''}, {''type'': ''x-citysdk/themes'', ''value'': ''Investigar,Estudar''}, {''type'': ''x-citysdk/segments'', ''value'': ''Trabalhadores,Investigadores,Estudantes''}, {''type'': ''x-citysdk/cost-rating'', ''value'': ''1''}, {''type'': ''x-citysdk/average-time'', ''value'': ''0:0''}, {''type'': ''x-citysdk/petrol-station-characteristics'', ''value'': ''Cafetaria''}]','5cd04b46f979e00001234af6','[{''lang'': ''pt-PT'', ''term'': ''primary'', ''value'': ''BP - São Roque da Lameira''}, {''lang'': ''en-GB'', ''term'': ''primary'', ''value'': ''BP - São Roque da Lameira''}, {''lang'': ''es-ES'', ''term'': ''primary'', ''value'': ''BP - São Roque da Lameira''}]','pt-PT','BEGIN:VCARD VERSION:2.1 REV:20190226T17:27:45Z N:BP - São Roque da Lameira;BP - São Roque da Lameira;;; FN:BP - São Roque da Lameira BP - São Roque da Lameira ORG:BP - São Roque da Lameira ADR;WORK:;1746 ;Rua de São Roque da Lameira;Porto;Porto;4350-305;Portugal TEL;WORK;VOICE:+351 225898640 END:VCARD','41.15876370','-8.58333240','[{''term'': ''open'', ''type'': ''text/icalendar'', ''value'': ''BEGIN:VCALENDAR VERSION:2.0 END:VCALENDAR''}]','2019-06-18T11:09:43.997000Z'
'True','https://city-api.wearebitmaker.com/CitySDK/pois','[{''lang'': ''pt-PT'', ''value'': ''Postos de Abastecimento''}, {''lang'': ''en-GB'', ''value'': ''Petrol station''}, {''lang'': ''es-ES'', ''value'': ''Gasolineras''}]','2019-05-06T14:57:10.728000Z','[]','[{''type'': ''x-citysdk/price'', ''value'': ''0''}, {''type'': ''x-citysdk/geographical-zone'', ''value'': ''Marginal Ribeirinha''}, {''type'': ''x-citysdk/themes'', ''value'': ''Estudar,Investigar''}, {''type'': ''x-citysdk/segments'', ''value'': ''Estudantes,Trabalhadores,Investigadores''}, {''type'': ''x-citysdk/cost-rating'', ''value'': ''1''}, {''type'': ''x-citysdk/average-time'', ''value'': ''0:0''}, {''type'': ''x-citysdk/petrol-station-characteristics'', ''value'': ''GPL''}]','5cd04b46f979e00001234b2c','[{''lang'': ''pt-PT'', ''term'': ''primary'', ''value'': ''Cepsa - Marginal ''}, {''lang'': ''en-GB'', ''term'': ''primary'', ''value'': ''Cepsa - Marginal ''}, {''lang'': ''es-ES'', ''term'': ''primary'', ''value'': ''Cepsa - Marginal ''}]','pt-PT','BEGIN:VCARD VERSION:2.1 REV:20190226T17:27:45Z N:Cepsa - Marginal ;Cepsa - Marginal ;;; FN:Cepsa - Marginal  Cepsa - Marginal  ORG:Cepsa - Marginal  ADR;WORK:;90;Avenida de Paiva Couceiro;Porto;Porto;4300-385;Portugal END:VCARD','41.14249750','-8.58728230','[{''term'': ''open'', ''type'': ''text/icalendar'', ''value'': ''BEGIN:VCALENDAR VERSION:2.0 END:VCALENDAR''}]','2019-07-10T11:29:39.623000Z'
'True','https://city-api.wearebitmaker.com/CitySDK/pois','[{''lang'': ''pt-PT'', ''value'': ''Postos de Abastecimento''}, {''lang'': ''en-GB'', ''value'': ''Petrol station''}, {''lang'': ''es-ES'', ''value'': ''Gasolineras''}]','2019-05-06T14:57:10.980000Z','[]','[{''type'': ''x-citysdk/price'', ''value'': ''0''}, {''type'': ''x-citysdk/geographical-zone'', ''value'': ''Outras Zonas do Porto''}, {''type'': ''x-citysdk/themes'', ''value'': ''Investigar,Estudar''}, {''type'': ''x-citysdk/segments'', ''value'': ''Investigadores,Estudantes,Trabalhadores''}, {''type'': ''x-citysdk/cost-rating'', ''value'': ''1''}, {''type'': ''x-citysdk/average-time'', ''value'': ''0:0''}]','5cd04b46f979e00001234b3d','[{''lang'': ''pt-PT'', ''term'': ''primary'', ''value'': ''Cepsa - Mercado Abastecedor''}, {''lang'': ''en-GB'', ''term'': ''primary'', ''value'': ''Cepsa - Mercado Abastecedor''}, {''lang'': ''es-ES'', ''term'': ''primary'', ''value'': ''Cepsa - Mercado Abastecedor''}]','pt-PT','BEGIN:VCARD VERSION:2.1 REV:20190226T17:27:45Z N:Cepsa - Mercado Abastecedor;Cepsa - Mercado Abastecedor;;; FN:Cepsa - Mercado Abastecedor Cepsa - Mercado Abastecedor ORG:Cepsa - Mercado Abastecedor ADR;WORK:;;Rua de Chaves de Oliveira;Porto;Porto;4350-158 ;Portugal END:VCARD','41.16124190','-8.57772060','[{''term'': ''open'', ''type'': ''text/icalendar'', ''value'': ''BEGIN:VCALENDAR VERSION:2.0 END:VCALENDAR''}]','2019-07-10T11:30:00.910000Z'
'True','http://citysdk.url.pt/pois/','[{''lang'': ''pt-PT'', ''value'': ''Postos de Abastecimento''}, {''lang'': ''en-GB'', ''value'': ''Petrol station''}, {''lang'': ''es-ES'', ''value'': ''Gasolineras''}]','2019-05-06T14:57:10.981000Z','[]','[{''type'': ''x-citysdk/price'', ''value'': ''0''}, {''type'': ''x-citysdk/geographical-zone'', ''value'': ''Outras zonas do Porto''}, {''type'': ''x-citysdk/themes'', ''value'': ''Investigar,Estudar''}, {''type'': ''x-citysdk/segments'', ''value'': ''Estudantes,Investigadores,Trabalhadores''}, {''type'': ''x-citysdk/cost-rating'', ''value'': ''1''}, {''type'': ''x-citysdk/average-time'', ''value'': ''0:0''}]','5cd04b46f979e00001234b3e','[{''lang'': ''pt-PT'', ''term'': ''primary'', ''value'': ''Cipol Santos Pousada''}, {''lang'': ''en-GB'', ''term'': ''primary'', ''value'': ''Cipol Santos Pousada''}, {''lang'': ''es-ES'', ''term'': ''primary'', ''value'': ''Cipol Santos Pousada''}]','pt-PT','BEGIN:VCARD VERSION:2.1 REV:20190226T17:27:45Z N:Cipol Santos Pousada;Cipol Santos Pousada;;; FN:Cipol Santos Pousada Cipol Santos Pousada ORG:Cipol Santos Pousada ADR;WORK:;17;Rua de Santos Pousada;Porto;Porto;4000-484;Portugal END:VCARD','41.148986','-8.600625','','2019-06-05T15:33:31.440000Z'
'True','http://citysdk.url.pt/pois/','[{''lang'': ''pt-PT'', ''value'': ''Postos de Abastecimento''}, {''lang'': ''en-GB'', ''value'': ''Petrol station''}, {''lang'': ''es-ES'', ''value'': ''Gasolineras''}]','2019-05-06T14:57:10.993000Z','[]','[{''type'': ''x-citysdk/price'', ''value'': ''0''}, {''type'': ''x-citysdk/card-types'', ''value'': ''American Express,Mastercard,VISA,Multibanco''}, {''type'': ''x-citysdk/geographical-zone'', ''value'': ''Boavista''}, {''type'': ''x-citysdk/themes'', ''value'': ''Estudar,Investigar''}, {''type'': ''x-citysdk/segments'', ''value'': ''Investigadores,Estudantes,Trabalhadores''}, {''type'': ''x-citysdk/cost-rating'', ''value'': ''1''}, {''type'': ''x-citysdk/average-time'', ''value'': ''0:0''}, {''type'': ''x-citysdk/petrol-station-characteristics'', ''value'': ''Lubrificantes,Multibanco''}]','5cd04b46f979e00001234b41','[{''lang'': ''pt-PT'', ''term'': ''primary'', ''value'': ''Galp - Àrea de Serviço Boavista''}, {''lang'': ''en-GB'', ''term'': ''primary'', ''value'': ''Galp - Àrea de Serviço Boavista''}, {''lang'': ''es-ES'', ''term'': ''primary'', ''value'': ''Galp - Àrea de Serviço Boavista''}]','pt-PT','BEGIN:VCARD VERSION:2.1 REV:20190226T17:27:45Z N:Galp - Àrea de Serviço Boavista;Galp - Àrea de Serviço Boavista;;; FN:Galp - Àrea de Serviço Boavista Galp - Àrea de Serviço Boavista ORG:Galp - Àrea de Serviço Boavista ADR;WORK:;4663-4685;Avenida da Boavista;Porto;Porto;4100-141 ;Portugal TEL;WORK;VOICE:+351 226101625 END:VCARD','41.1659527','-8.6780858','[{''term'': ''open'', ''type'': ''text/icalendar'', ''value'': ''BEGIN:VCALENDAR VERSION:2.0 BEGIN:VEVENT SUMMARY: DTSTART:20190101T000000Z DTEND:50190115T235900Z DESCRIPTION: LOCATION: RRULE:FREQ=WEEKLY;INTERVAL=1;BYDAY=SU,MO,TU,WE,TH,FR,SA END:VEVENT END:VCALENDAR''}]','2019-06-05T15:33:31.443000Z'
'True','https://city-api.wearebitmaker.com/CitySDK/pois','[{''lang'': ''pt-PT'', ''value'': ''Postos de Abastecimento''}, {''lang'': ''en-GB'', ''value'': ''Petrol station''}, {''lang'': ''es-ES'', ''value'': ''Gasolineras''}]','2019-05-06T14:57:12.990000Z','[]','[{''type'': ''x-citysdk/price'', ''value'': ''0''}, {''type'': ''x-citysdk/geographical-zone'', ''value'': ''Marginal Ribeirinha''}, {''type'': ''x-citysdk/themes'', ''value'': ''Investigar,Estudar''}, {''type'': ''x-citysdk/segments'', ''value'': ''Investigadores,Estudantes,Trabalhadores''}, {''type'': ''x-citysdk/cost-rating'', ''value'': ''1''}, {''type'': ''x-citysdk/average-time'', ''value'': ''0:0''}]','5cd04b48f979e000016c563c','[{''lang'': ''pt-PT'', ''term'': ''primary'', ''value'': ''Repsol - Ouro''}, {''lang'': ''en-GB'', ''term'': ''primary'', ''value'': ''Repsol - Ouro''}, {''lang'': ''es-ES'', ''term'': ''primary'', ''value'': ''Repsol - Ouro''}]','pt-PT','BEGIN:VCARD VERSION:2.1 REV:20190226T17:27:45Z N:Repsol - Ouro;Repsol - Ouro;;; FN:Repsol - Ouro Repsol - Ouro ORG:Repsol - Ouro ADR;WORK:;40-58 ;Rua do Ouro;Porto;Porto;4150-552;Portugal TEL;WORK;VOICE:+351 226098733 END:VCARD','41.14815504','-8.63473892','[{''term'': ''open'', ''type'': ''text/icalendar'', ''value'': ''BEGIN:VCALENDAR VERSION:2.0 END:VCALENDAR''}]','2019-07-10T11:30:12.194000Z'
'True','https://city-api.wearebitmaker.com/CitySDK/pois','[{''lang'': ''pt-PT'', ''value'': ''Postos de Abastecimento''}, {''lang'': ''en-GB'', ''value'': ''Petrol station''}, {''lang'': ''es-ES'', ''value'': ''Gasolineras''}]','2019-05-06T14:57:12.992000Z','[]','[{''type'': ''x-citysdk/price'', ''value'': ''0''}, {''type'': ''x-citysdk/geographical-zone'', ''value'': ''Outras Zonas do Porto''}, {''type'': ''x-citysdk/themes'', ''value'': ''Estudar,Investigar''}, {''type'': ''x-citysdk/segments'', ''value'': ''Trabalhadores,Investigadores,Estudantes''}, {''type'': ''x-citysdk/cost-rating'', ''value'': ''1''}, {''type'': ''x-citysdk/average-time'', ''value'': ''0:0''}]','5cd04b48f979e000016c563e','[{''lang'': ''pt-PT'', ''term'': ''primary'', ''value'': ''Repsol - Serpa Pinto''}, {''lang'': ''en-GB'', ''term'': ''primary'', ''value'': ''Repsol - Serpa Pinto''}, {''lang'': ''es-ES'', ''term'': ''primary'', ''value'': ''Repsol - Serpa Pinto''}]','pt-PT','BEGIN:VCARD VERSION:2.1 REV:20190226T17:27:45Z N:Repsol - Serpa Pinto;Repsol - Serpa Pinto;;; FN:Repsol - Serpa Pinto Repsol - Serpa Pinto ORG:Repsol - Serpa Pinto ADR;WORK:;616;Rua de Serpa Pinto;Porto;Porto;4250-465;Portugal TEL;WORK;VOICE:+351 228316911 END:VCARD','41.16602319','-8.62031937','[{''term'': ''open'', ''type'': ''text/icalendar'', ''value'': ''BEGIN:VCALENDAR VERSION:2.0 END:VCALENDAR''}]','2019-07-10T11:30:22.969000Z'
'True','https://city-api.wearebitmaker.com/CitySDK/pois','[{''lang'': ''pt-PT'', ''value'': ''Postos de Abastecimento''}, {''lang'': ''en-GB'', ''value'': ''Petrol station''}, {''lang'': ''es-ES'', ''value'': ''Gasolineras''}]','2019-05-06T14:57:13.819000Z','[]','[{''type'': ''x-citysdk/price'', ''value'': ''0''}, {''type'': ''x-citysdk/geographical-zone'', ''value'': ''Outras Zonas do Porto''}, {''type'': ''x-citysdk/themes'', ''value'': ''Estudar,Investigar''}, {''type'': ''x-citysdk/segments'', ''value'': ''Investigadores,Estudantes,Trabalhadores''}, {''type'': ''x-citysdk/cost-rating'', ''value'': ''1''}, {''type'': ''x-citysdk/average-time'', ''value'': ''0:0''}]','5cd04b49f979e0000169b564','[{''lang'': ''pt-PT'', ''term'': ''primary'', ''value'': ''BP - Combatentes''}, {''lang'': ''en-GB'', ''term'': ''primary'', ''value'': ''BP - Combatentes''}, {''lang'': ''es-ES'', ''term'': ''primary'', ''value'': ''BP - Combatentes''}]','pt-PT','BEGIN:VCARD VERSION:2.1 REV:20190226T17:27:45Z N:BP - Combatentes;BP - Combatentes;;; FN:BP - Combatentes BP - Combatentes ORG:BP - Combatentes ADR;WORK:;627;Avenida dos Combatentes Grande Guerra;Porto;Porto;4200-190;Portugal TEL;WORK;VOICE:+351 225025258 END:VCARD','41.16510510','-8.59808690','[{''term'': ''open'', ''type'': ''text/icalendar'', ''value'': ''BEGIN:VCALENDAR VERSION:2.0 END:VCALENDAR''}]','2019-07-10T11:30:36.322000Z'
'True','https://city-api.wearebitmaker.com/CitySDK/pois','[{''lang'': ''pt-PT'', ''value'': ''Postos de Abastecimento''}, {''lang'': ''en-GB'', ''value'': ''Petrol station''}, {''lang'': ''es-ES'', ''value'': ''Gasolineras''}]','2019-05-06T14:57:13.820000Z','[]','[{''type'': ''x-citysdk/price'', ''value'': ''0''}, {''type'': ''x-citysdk/geographical-zone'', ''value'': ''Boavista''}, {''type'': ''x-citysdk/themes'', ''value'': ''Investigar,Estudar''}, {''type'': ''x-citysdk/segments'', ''value'': ''Investigadores,Estudantes,Trabalhadores''}, {''type'': ''x-citysdk/cost-rating'', ''value'': ''1''}, {''type'': ''x-citysdk/average-time'', ''value'': ''0:0''}]','5cd04b49f979e0000169b565','[{''lang'': ''pt-PT'', ''term'': ''primary'', ''value'': ''BP - 5 de Outubro''}, {''lang'': ''en-GB'', ''term'': ''primary'', ''value'': ''BP - 5 de Outubro''}, {''lang'': ''es-ES'', ''term'': ''primary'', ''value'': ''BP - 5 de Outubro''}]','pt-PT','BEGIN:VCARD VERSION:2.1 REV:20190226T17:27:45Z N:BP - 5 de Outubro;BP - 5 de Outubro;;; FN:BP - 5 de Outubro BP - 5 de Outubro ORG:BP - 5 de Outubro ADR;WORK:;574;Rua 5 de Outubro;Porto;Porto;4100-173;Portugal TEL;WORK;VOICE:+351 226008413 END:VCARD','41.16337080','-8.63347730','[{''term'': ''open'', ''type'': ''text/icalendar'', ''value'': ''BEGIN:VCALENDAR VERSION:2.0 END:VCALENDAR''}]','2019-07-10T11:30:47.490000Z'
'True','https://city-api.wearebitmaker.com/CitySDK/pois','[{''lang'': ''pt-PT'', ''value'': ''Postos de Abastecimento''}, {''lang'': ''en-GB'', ''value'': ''Petrol station''}, {''lang'': ''es-ES'', ''value'': ''Gasolineras''}]','2019-05-06T14:57:13.825000Z','[]','[{''type'': ''x-citysdk/price'', ''value'': ''0''}, {''type'': ''x-citysdk/card-types'', ''value'': ''VISA,American Express,Multibanco,Mastercard''}, {''type'': ''x-citysdk/geographical-zone'', ''value'': ''Foz''}, {''type'': ''x-citysdk/themes'', ''value'': ''Investigar,Estudar''}, {''type'': ''x-citysdk/segments'', ''value'': ''Estudantes,Investigadores,Trabalhadores''}, {''type'': ''x-citysdk/cost-rating'', ''value'': ''1''}, {''type'': ''x-citysdk/average-time'', ''value'': ''0:0''}, {''type'': ''x-citysdk/petrol-station-characteristics'', ''value'': ''Lubrificantes,Multibanco''}]','5cd04b49f979e0000169b566','[{''lang'': ''pt-PT'', ''term'': ''primary'', ''value'': ''Galp - Àrea de Serviço Univ. Católica''}, {''lang'': ''en-GB'', ''term'': ''primary'', ''value'': ''Galp - Àrea de Serviço Univ. Católica''}, {''lang'': ''es-ES'', ''term'': ''primary'', ''value'': ''Galp - Àrea de Serviço Univ. Católica''}]','pt-PT','BEGIN:VCARD VERSION:2.1 REV:20190226T17:27:45Z N:Galp - Àrea de Serviço Univ. Católica;Galp - Àrea de Serviço Univ. Católica;;; FN:Galp - Àrea de Serviço Univ. Católica Galp - Àrea de Serviço Univ. Católica ORG:Galp - Àrea de Serviço Univ. Católica ADR;WORK:;2049 ;Rua de Diogo Botelho;Porto;Porto;4150-268;Portugal TEL;WORK;VOICE:+351 226189906 END:VCARD','41.15060240','-8.65990460','[{''term'': ''open'', ''type'': ''text/icalendar'', ''value'': ''BEGIN:VCALENDAR VERSION:2.0 BEGIN:VEVENT SUMMARY: DTSTART:20190101T000000Z DTEND:50190115T235900Z DESCRIPTION: LOCATION: RRULE:FREQ=WEEKLY;INTERVAL=1;BYDAY=SU,MO,TU,WE,TH,FR,SA END:VEVENT END:VCALENDAR''}]','2019-07-10T11:30:59.684000Z'
'True','https://city-api.wearebitmaker.com/CitySDK/pois','[{''lang'': ''pt-PT'', ''value'': ''Postos de Abastecimento''}, {''lang'': ''en-GB'', ''value'': ''Petrol station''}, {''lang'': ''es-ES'', ''value'': ''Gasolineras''}]','2019-05-06T14:57:13.837000Z','[]','[{''type'': ''x-citysdk/price'', ''value'': ''0''}, {''type'': ''x-citysdk/geographical-zone'', ''value'': ''Foz''}, {''type'': ''x-citysdk/themes'', ''value'': ''Estudar,Investigar''}, {''type'': ''x-citysdk/segments'', ''value'': ''Trabalhadores,Estudantes,Investigadores''}, {''type'': ''x-citysdk/cost-rating'', ''value'': ''1''}, {''type'': ''x-citysdk/average-time'', ''value'': ''0:0''}]','5cd04b49f979e0000169b568','[{''lang'': ''pt-PT'', ''term'': ''primary'', ''value'': ''BP - Fluvial''}, {''lang'': ''en-GB'', ''term'': ''primary'', ''value'': ''BP - Fluvial''}, {''lang'': ''es-ES'', ''term'': ''primary'', ''value'': ''BP - Fluvial''}]','pt-PT','BEGIN:VCARD VERSION:2.1 REV:20190226T17:27:45Z N:BP - Fluvial;BP - Fluvial;;; FN:BP - Fluvial BP - Fluvial ORG:BP - Fluvial ADR;WORK:;671;Rua de Diogo Botelho;Porto;Porto;4150-266;Portugal TEL;WORK;VOICE:+351 226102434 END:VCARD','41.15172583','-8.65538657','[{''term'': ''open'', ''type'': ''text/icalendar'', ''value'': ''BEGIN:VCALENDAR VERSION:2.0 END:VCALENDAR''}]','2019-07-10T11:31:11.718000Z'
'True','https://city-api.wearebitmaker.com/CitySDK/pois','[{''lang'': ''pt-PT'', ''value'': ''Postos de Abastecimento''}, {''lang'': ''en-GB'', ''value'': ''Petrol station''}, {''lang'': ''es-ES'', ''value'': ''Gasolineras''}]','2019-05-06T14:57:13.838000Z','[]','[{''type'': ''x-citysdk/price'', ''value'': ''0''}, {''type'': ''x-citysdk/geographical-zone'', ''value'': ''Boavista''}, {''type'': ''x-citysdk/themes'', ''value'': ''Investigar,Estudar''}, {''type'': ''x-citysdk/segments'', ''value'': ''Investigadores,Estudantes,Trabalhadores''}, {''type'': ''x-citysdk/cost-rating'', ''value'': ''1''}, {''type'': ''x-citysdk/average-time'', ''value'': ''0:0''}]','5cd04b49f979e0000169b569','[{''lang'': ''pt-PT'', ''term'': ''primary'', ''value'': ''BP - Pinheiro Manso''}, {''lang'': ''en-GB'', ''term'': ''primary'', ''value'': ''BP - Pinheiro Manso''}, {''lang'': ''es-ES'', ''term'': ''primary'', ''value'': ''BP - Pinheiro Manso''}]','pt-PT','BEGIN:VCARD VERSION:2.1 REV:20190226T17:27:45Z N:BP - Pinheiro Manso;BP - Pinheiro Manso;;; FN:BP - Pinheiro Manso BP - Pinheiro Manso ORG:BP - Pinheiro Manso ADR;WORK:;2306;Avenida da Boavista;Porto;Porto;4100-118;Portugal TEL;WORK;VOICE:+351 226172363 END:VCARD','41.16167777','-8.65069270','[{''term'': ''open'', ''type'': ''text/icalendar'', ''value'': ''BEGIN:VCALENDAR VERSION:2.0 END:VCALENDAR''}]','2019-07-10T11:31:22.422000Z'
'True','https://city-api.wearebitmaker.com/CitySDK/pois','[{''lang'': ''pt-PT'', ''value'': ''Postos de Abastecimento''}, {''lang'': ''en-GB'', ''value'': ''Petrol station''}, {''lang'': ''es-ES'', ''value'': ''Gasolineras''}]','2019-05-06T14:57:13.841000Z','[]','[{''type'': ''x-citysdk/price'', ''value'': ''0''}, {''type'': ''x-citysdk/geographical-zone'', ''value'': ''Outras Zonas do Porto''}, {''type'': ''x-citysdk/themes'', ''value'': ''Estudar,Investigar''}, {''type'': ''x-citysdk/segments'', ''value'': ''Trabalhadores,Estudantes,Investigadores''}, {''type'': ''x-citysdk/cost-rating'', ''value'': ''1''}, {''type'': ''x-citysdk/average-time'', ''value'': ''0:0''}, {''type'': ''x-citysdk/petrol-station-characteristics'', ''value'': ''GPL''}]','5cd04b49f979e0000169b56a','[{''lang'': ''pt-PT'', ''term'': ''primary'', ''value'': ''BP - Salgueiros''}, {''lang'': ''en-GB'', ''term'': ''primary'', ''value'': ''BP - Salgueiros''}, {''lang'': ''es-ES'', ''term'': ''primary'', ''value'': ''BP - Salgueiros''}]','pt-PT','BEGIN:VCARD VERSION:2.1 REV:20190226T17:27:45Z N:BP - Salgueiros;BP - Salgueiros;;; FN:BP - Salgueiros BP - Salgueiros ORG:BP - Salgueiros ADR;WORK:;162/192 ;Rua Particular de Monsanto;Porto;Porto;4250-362;Portugal TEL;WORK;VOICE:+351 228313112 END:VCARD','41.17360680','-8.61630678','[{''term'': ''open'', ''type'': ''text/icalendar'', ''value'': ''BEGIN:VCALENDAR VERSION:2.0 END:VCALENDAR''}]','2019-07-10T11:32:00.076000Z'
'True','https://city-api.wearebitmaker.com/CitySDK/pois','[{''lang'': ''pt-PT'', ''value'': ''Postos de Abastecimento''}, {''lang'': ''en-GB'', ''value'': ''Petrol station''}, {''lang'': ''es-ES'', ''value'': ''Gasolineras''}]','2019-05-06T14:57:14.679000Z','[]','[{''type'': ''x-citysdk/price'', ''value'': ''0''}, {''type'': ''x-citysdk/geographical-zone'', ''value'': ''Outras Zonas do Porto''}, {''type'': ''x-citysdk/themes'', ''value'': ''Investigar,Estudar''}, {''type'': ''x-citysdk/segments'', ''value'': ''Investigadores,Trabalhadores,Estudantes''}, {''type'': ''x-citysdk/cost-rating'', ''value'': ''1''}, {''type'': ''x-citysdk/average-time'', ''value'': ''0:0''}, {''type'': ''x-citysdk/petrol-station-characteristics'', ''value'': ''Cafetaria,GPL,Lavagem,Lubrificantes,Multibanco''}]','5cd04b4af979e000013ddcd4','[{''lang'': ''pt-PT'', ''term'': ''primary'', ''value'': ''Repsol - Constituição''}, {''lang'': ''en-GB'', ''term'': ''primary'', ''value'': ''Repsol - Constituição''}, {''lang'': ''es-ES'', ''term'': ''primary'', ''value'': ''Repsol - Constituição''}]','pt-PT','BEGIN:VCARD VERSION:2.1 REV:20190226T17:27:45Z N:Repsol - Constituição;Repsol - Constituição;;; FN:Repsol - Constituição Repsol - Constituição ORG:Repsol - Constituição ADR;WORK:;2570;Rua da Constituição;Porto;Porto;4250-165;Portugal TEL;WORK;VOICE:+351 228316246 END:VCARD','41.16498936','-8.62830162','[{''term'': ''open'', ''type'': ''text/icalendar'', ''value'': ''BEGIN:VCALENDAR VERSION:2.0 END:VCALENDAR''}]','2019-07-10T11:32:12.956000Z'
'True','https://city-api.wearebitmaker.com/CitySDK/pois','[{''lang'': ''pt-PT'', ''value'': ''Postos de Abastecimento''}, {''lang'': ''en-GB'', ''value'': ''Petrol station''}, {''lang'': ''es-ES'', ''value'': ''Gasolineras''}]','2019-05-06T14:57:14.684000Z','[]','[{''type'': ''x-citysdk/price'', ''value'': ''0''}, {''type'': ''x-citysdk/geographical-zone'', ''value'': ''Boavista''}, {''type'': ''x-citysdk/themes'', ''value'': ''Estudar,Investigar''}, {''type'': ''x-citysdk/segments'', ''value'': ''Trabalhadores,Investigadores,Estudantes''}, {''type'': ''x-citysdk/cost-rating'', ''value'': ''1''}, {''type'': ''x-citysdk/average-time'', ''value'': ''0:0''}]','5cd04b4af979e000013ddcd5','[{''lang'': ''pt-PT'', ''term'': ''primary'', ''value'': ''Repsol - Júlio Dinis''}, {''lang'': ''en-GB'', ''term'': ''primary'', ''value'': ''Repsol - Júlio Dinis''}, {''lang'': ''es-ES'', ''term'': ''primary'', ''value'': ''Repsol - Júlio Dinis''}]','pt-PT','BEGIN:VCARD VERSION:2.1 REV:20190226T17:27:45Z N:Repsol - Júlio Dinis;Repsol - Júlio Dinis;;; FN:Repsol - Júlio Dinis Repsol - Júlio Dinis ORG:Repsol - Júlio Dinis ADR;WORK:;320-348 ;Rua de Júlio Dinis;Porto;Porto;4050-318;Portugal TEL;WORK;VOICE:+351 226068314 END:VCARD','41.15175814','-8.62574816','[{''term'': ''open'', ''type'': ''text/icalendar'', ''value'': ''BEGIN:VCALENDAR VERSION:2.0 END:VCALENDAR''}]','2019-07-10T11:32:22.841000Z'
'True','https://city-api.wearebitmaker.com/CitySDK/pois','[{''lang'': ''pt-PT'', ''value'': ''Postos de Abastecimento''}, {''lang'': ''en-GB'', ''value'': ''Petrol station''}, {''lang'': ''es-ES'', ''value'': ''Gasolineras''}]','2019-05-06T14:57:14.686000Z','[]','[{''type'': ''x-citysdk/price'', ''value'': ''0''}, {''type'': ''x-citysdk/geographical-zone'', ''value'': ''Boavista''}, {''type'': ''x-citysdk/themes'', ''value'': ''Investigar,Estudar''}, {''type'': ''x-citysdk/segments'', ''value'': ''Estudantes,Investigadores,Trabalhadores''}, {''type'': ''x-citysdk/cost-rating'', ''value'': ''1''}, {''type'': ''x-citysdk/average-time'', ''value'': ''0:0''}]','5cd04b4af979e000013ddcd7','[{''lang'': ''pt-PT'', ''term'': ''primary'', ''value'': ''Repsol - Gomes da Costa''}, {''lang'': ''en-GB'', ''term'': ''primary'', ''value'': ''Repsol - Gomes da Costa''}, {''lang'': ''es-ES'', ''term'': ''primary'', ''value'': ''Repsol - Gomes da Costa''}]','pt-PT','BEGIN:VCARD VERSION:2.1 REV:20190226T17:27:45Z N:Repsol - Gomes da Costa;Repsol - Gomes da Costa;;; FN:Repsol - Gomes da Costa Repsol - Gomes da Costa ORG:Repsol - Gomes da Costa ADR;WORK:;99-107 ;Avenida do Marechal Gomes da Costa;Porto;Porto;4150-357;Portugal TEL;WORK;VOICE:+351 226181387 END:VCARD','41.16156469','-8.65632534','[{''term'': ''open'', ''type'': ''text/icalendar'', ''value'': ''BEGIN:VCALENDAR VERSION:2.0 END:VCALENDAR''}]','2019-07-10T11:32:34.633000Z'
'True','https://city-api.wearebitmaker.com/CitySDK/pois','[{''lang'': ''pt-PT'', ''value'': ''Postos de Abastecimento''}, {''lang'': ''en-GB'', ''value'': ''Petrol station''}, {''lang'': ''es-ES'', ''value'': ''Gasolineras''}]','2019-05-06T14:57:14.687000Z','[]','[{''type'': ''x-citysdk/price'', ''value'': ''0''}, {''type'': ''x-citysdk/card-types'', ''value'': ''VISA,Multibanco''}, {''type'': ''x-citysdk/geographical-zone'', ''value'': ''Outras Zonas do Porto''}, {''type'': ''x-citysdk/themes'', ''value'': ''Estudar,Investigar''}, {''type'': ''x-citysdk/segments'', ''value'': ''Trabalhadores,Estudantes,Investigadores''}, {''type'': ''x-citysdk/cost-rating'', ''value'': ''1''}, {''type'': ''x-citysdk/average-time'', ''value'': ''0:0''}, {''type'': ''x-citysdk/petrol-station-characteristics'', ''value'': ''Multibanco''}]','5cd04b4af979e000013ddcd8','[{''lang'': ''pt-PT'', ''term'': ''primary'', ''value'': ''Galp - Circunvalação (Amial) ''}, {''lang'': ''en-GB'', ''term'': ''primary'', ''value'': ''Galp - Circunvalação (Amial) ''}, {''lang'': ''es-ES'', ''term'': ''primary'', ''value'': ''Galp - Circunvalação (Amial) ''}]','pt-PT','BEGIN:VCARD VERSION:2.1 REV:20190226T17:27:45Z N:Galp - Circunvalação (Amial) ;Galp - Circunvalação (Amial) ;;; FN:Galp - Circunvalação (Amial)  Galp - Circunvalação (Amial)  ORG:Galp - Circunvalação (Amial)  ADR;WORK:;8775;Estrada Interna da Circunvalação;Porto;Porto;4250-147 ;Portugal TEL;WORK;VOICE:+351 228301408 END:VCARD','41.18325700','-8.61233700','[{''term'': ''open'', ''type'': ''text/icalendar'', ''value'': ''BEGIN:VCALENDAR VERSION:2.0 BEGIN:VEVENT SUMMARY: DTSTART:20190101T070000Z DTEND:50190115T235900Z DESCRIPTION: LOCATION: RRULE:FREQ=WEEKLY;INTERVAL=1;BYDAY=SU,MO,TU,WE,TH,FR,SA END:VEVENT END:VCALENDAR''}]','2019-07-10T11:32:47.262000Z'
'True','https://city-api.wearebitmaker.com/CitySDK/pois','[{''lang'': ''pt-PT'', ''value'': ''Postos de Abastecimento''}, {''lang'': ''en-GB'', ''value'': ''Petrol station''}, {''lang'': ''es-ES'', ''value'': ''Gasolineras''}]','2019-05-06T14:57:14.687000Z','[]','[{''type'': ''x-citysdk/price'', ''value'': ''0''}, {''type'': ''x-citysdk/geographical-zone'', ''value'': ''Outras Zonas do Porto''}, {''type'': ''x-citysdk/themes'', ''value'': ''Investigar,Estudar''}, {''type'': ''x-citysdk/segments'', ''value'': ''Estudantes,Trabalhadores,Investigadores''}, {''type'': ''x-citysdk/cost-rating'', ''value'': ''1''}, {''type'': ''x-citysdk/average-time'', ''value'': ''0:0''}]','5cd04b4af979e000013ddcd9','[{''lang'': ''pt-PT'', ''term'': ''primary'', ''value'': ''Repsol - Monte dos Burgos''}, {''lang'': ''en-GB'', ''term'': ''primary'', ''value'': ''Repsol - Monte dos Burgos''}, {''lang'': ''es-ES'', ''term'': ''primary'', ''value'': ''Repsol - Monte dos Burgos''}]','pt-PT','BEGIN:VCARD VERSION:2.1 REV:20190226T17:27:45Z N:Repsol - Monte dos Burgos;Repsol - Monte dos Burgos;;; FN:Repsol - Monte dos Burgos Repsol - Monte dos Burgos ORG:Repsol - Monte dos Burgos ADR;WORK:;316;Rua do Monte dos Burgos;Porto;Porto;4250-309;Portugal TEL;WORK;VOICE:+351 228303666 END:VCARD','41.17246810','-8.62622023','[{''term'': ''open'', ''type'': ''text/icalendar'', ''value'': ''BEGIN:VCALENDAR VERSION:2.0 END:VCALENDAR''}]','2019-07-10T11:32:59.029000Z'
'True','https://city-api.wearebitmaker.com/CitySDK/pois','[{''lang'': ''pt-PT'', ''value'': ''Postos de Abastecimento''}, {''lang'': ''en-GB'', ''value'': ''Petrol station''}, {''lang'': ''es-ES'', ''value'': ''Gasolineras''}]','2019-05-06T14:57:14.700000Z','[]','[{''type'': ''x-citysdk/price'', ''value'': ''0''}, {''type'': ''x-citysdk/geographical-zone'', ''value'': ''Outras Zonas do Porto''}, {''type'': ''x-citysdk/themes'', ''value'': ''Estudar,Investigar''}, {''type'': ''x-citysdk/segments'', ''value'': ''Trabalhadores,Estudantes,Investigadores''}, {''type'': ''x-citysdk/cost-rating'', ''value'': ''1''}, {''type'': ''x-citysdk/average-time'', ''value'': ''0:0''}]','5cd04b4af979e000013ddcda','[{''lang'': ''pt-PT'', ''term'': ''primary'', ''value'': ''Galp - Constituição ''}, {''lang'': ''en-GB'', ''term'': ''primary'', ''value'': ''Galp - Constituição ''}, {''lang'': ''es-ES'', ''term'': ''primary'', ''value'': ''Galp - Constituição ''}]','pt-PT','BEGIN:VCARD VERSION:2.1 REV:20190226T17:27:45Z N:Galp - Constituição ;Galp - Constituição ;;; FN:Galp - Constituição  Galp - Constituição  ORG:Galp - Constituição  ADR;WORK:;2312;Rua da Constituição;;Porto;4269-007;Portugal TEL;WORK;VOICE:+351 228312024 END:VCARD','41.16458600','-8.62564100','[{''term'': ''open'', ''type'': ''text/icalendar'', ''value'': ''BEGIN:VCALENDAR VERSION:2.0 BEGIN:VEVENT SUMMARY: DTSTART:20190101T070000Z DTEND:50190115T235900Z DESCRIPTION: LOCATION: RRULE:FREQ=WEEKLY;INTERVAL=1;BYDAY=SU,MO,TU,WE,TH,FR,SA END:VEVENT END:VCALENDAR''}]','2019-07-10T11:33:10.758000Z'
'True','https://city-api.wearebitmaker.com/CitySDK/pois','[{''lang'': ''pt-PT'', ''value'': ''Postos de Abastecimento''}, {''lang'': ''en-GB'', ''value'': ''Petrol station''}, {''lang'': ''es-ES'', ''value'': ''Gasolineras''}]','2019-05-06T14:57:14.701000Z','[]','[{''type'': ''x-citysdk/price'', ''value'': ''0''}, {''type'': ''x-citysdk/geographical-zone'', ''value'': ''Outras Zonas do Porto''}, {''type'': ''x-citysdk/themes'', ''value'': ''Estudar,Investigar''}, {''type'': ''x-citysdk/segments'', ''value'': ''Estudantes,Investigadores,Trabalhadores''}, {''type'': ''x-citysdk/cost-rating'', ''value'': ''1''}, {''type'': ''x-citysdk/average-time'', ''value'': ''0:0''}]','5cd04b4af979e000013ddcdb','[{''lang'': ''pt-PT'', ''term'': ''primary'', ''value'': ''Galp - Fernão Magalhães 4''}, {''lang'': ''en-GB'', ''term'': ''primary'', ''value'': ''Galp - Fernão Magalhães 4''}, {''lang'': ''es-ES'', ''term'': ''primary'', ''value'': ''Galp - Fernão Magalhães 4''}]','pt-PT','BEGIN:VCARD VERSION:2.1 REV:20190226T17:27:45Z N:Galp - Fernão Magalhães 4;Galp - Fernão Magalhães 4;;; FN:Galp - Fernão Magalhães 4 Galp - Fernão Magalhães 4 ORG:Galp - Fernão Magalhães 4 ADR;WORK:;390;Avenida Fernão de Magalhães;Porto;Porto;4300-189 ;Portugal TEL;WORK;VOICE:+351 225376939  END:VCARD','41.15337400','-8.59620100','[{''term'': ''open'', ''type'': ''text/icalendar'', ''value'': ''BEGIN:VCALENDAR VERSION:2.0 BEGIN:VEVENT SUMMARY: DTSTART:20190101T070000Z DTEND:50190115T235900Z DESCRIPTION: LOCATION: RRULE:FREQ=WEEKLY;INTERVAL=1;BYDAY=SU,MO,TU,WE,TH,FR,SA END:VEVENT END:VCALENDAR''}]','2019-07-10T11:34:59.304000Z'
'True','http://citysdk.url.pt/pois/','[{''lang'': ''pt-PT'', ''value'': ''Postos de Abastecimento''}, {''lang'': ''en-GB'', ''value'': ''Petrol station''}, {''lang'': ''es-ES'', ''value'': ''Gasolineras''}]','2019-05-06T14:57:14.702000Z','[]','[{''type'': ''x-citysdk/price'', ''value'': ''0''}, {''type'': ''x-citysdk/geographical-zone'', ''value'': ''Outras zonas do Porto''}, {''type'': ''x-citysdk/themes'', ''value'': ''Investigar,Estudar''}, {''type'': ''x-citysdk/segments'', ''value'': ''Trabalhadores,Estudantes,Investigadores''}, {''type'': ''x-citysdk/cost-rating'', ''value'': ''1''}, {''type'': ''x-citysdk/average-time'', ''value'': ''0:0''}]','5cd04b4af979e000013ddcdc','[{''lang'': ''pt-PT'', ''term'': ''primary'', ''value'': ''Galp - Fernão Magalhães 2''}, {''lang'': ''en-GB'', ''term'': ''primary'', ''value'': ''Galp - Fernão Magalhães 2''}, {''lang'': ''es-ES'', ''term'': ''primary'', ''value'': ''Galp - Fernão Magalhães 2''}]','pt-PT','BEGIN:VCARD VERSION:2.1 REV:20190226T17:27:45Z N:Galp - Fernão Magalhães 2;Galp - Fernão Magalhães 2;;; FN:Galp - Fernão Magalhães 2 Galp - Fernão Magalhães 2 ORG:Galp - Fernão Magalhães 2 ADR;WORK:;3352;Avenida Fernão de Magalhães;Porto;Porto;4350-163;Portugal TEL;WORK;VOICE:+351 225376939 END:VCARD','41.178266','-8.582511','','2019-06-05T15:33:35.761000Z'
'True','https://city-api.wearebitmaker.com/CitySDK/pois','[{''lang'': ''pt-PT'', ''value'': ''Postos de Abastecimento''}, {''lang'': ''en-GB'', ''value'': ''Petrol station''}, {''lang'': ''es-ES'', ''value'': ''Gasolineras''}]','2019-05-06T14:57:14.703000Z','[]','[{''type'': ''x-citysdk/price'', ''value'': ''0''}, {''type'': ''x-citysdk/card-types'', ''value'': ''American Express,VISA,Multibanco''}, {''type'': ''x-citysdk/geographical-zone'', ''value'': ''Outras Zonas do Porto''}, {''type'': ''x-citysdk/themes'', ''value'': ''Investigar,Estudar''}, {''type'': ''x-citysdk/segments'', ''value'': ''Investigadores,Trabalhadores,Estudantes''}, {''type'': ''x-citysdk/cost-rating'', ''value'': ''1''}, {''type'': ''x-citysdk/average-time'', ''value'': ''0:0''}, {''type'': ''x-citysdk/petrol-station-characteristics'', ''value'': ''Multibanco''}]','5cd04b4af979e000013ddcdd','[{''lang'': ''pt-PT'', ''term'': ''primary'', ''value'': ''Galp - Fernão Magalhães 3''}, {''lang'': ''en-GB'', ''term'': ''primary'', ''value'': ''Galp - Fernão Magalhães 3''}, {''lang'': ''es-ES'', ''term'': ''primary'', ''value'': ''Galp - Fernão Magalhães 3''}]','pt-PT','BEGIN:VCARD VERSION:2.1 REV:20190226T17:27:45Z N:Galp - Fernão Magalhães 3;Galp - Fernão Magalhães 3;;; FN:Galp - Fernão Magalhães 3 Galp - Fernão Magalhães 3 ORG:Galp - Fernão Magalhães 3 ADR;WORK:;2322;Avenida Fernão Magalhães;Porto;Porto;4350-160;Portugal TEL;WORK;VOICE:+351 225090588 END:VCARD','41.16928700','-8.58696500','[{''term'': ''open'', ''type'': ''text/icalendar'', ''value'': ''BEGIN:VCALENDAR VERSION:2.0 BEGIN:VEVENT SUMMARY: DTSTART:20190101T050000Z DTEND:50190115T010000Z DESCRIPTION: LOCATION: RRULE:FREQ=WEEKLY;INTERVAL=1;BYDAY=SU,MO,TU,WE,TH,FR,SA END:VEVENT END:VCALENDAR''}]','2019-07-10T11:35:09.547000Z'
'True','https://city-api.wearebitmaker.com/CitySDK/pois','[{''lang'': ''pt-PT'', ''value'': ''Postos de Abastecimento''}, {''lang'': ''en-GB'', ''value'': ''Petrol station''}, {''lang'': ''es-ES'', ''value'': ''Gasolineras''}]','2019-05-06T14:57:14.703000Z','[]','[{''type'': ''x-citysdk/price'', ''value'': ''0''}, {''type'': ''x-citysdk/card-types'', ''value'': ''VISA,Multibanco''}, {''type'': ''x-citysdk/geographical-zone'', ''value'': ''Outras Zonas do Porto''}, {''type'': ''x-citysdk/themes'', ''value'': ''Estudar,Investigar''}, {''type'': ''x-citysdk/segments'', ''value'': ''Trabalhadores,Investigadores,Estudantes''}, {''type'': ''x-citysdk/cost-rating'', ''value'': ''1''}, {''type'': ''x-citysdk/average-time'', ''value'': ''0:0''}, {''type'': ''x-citysdk/petrol-station-characteristics'', ''value'': ''Baterias,Multibanco''}]','5cd04b4af979e000013ddcde','[{''lang'': ''pt-PT'', ''term'': ''primary'', ''value'': ''Galp - Fernão Magalhães 1''}, {''lang'': ''en-GB'', ''term'': ''primary'', ''value'': ''Galp - Fernão Magalhães 1''}, {''lang'': ''es-ES'', ''term'': ''primary'', ''value'': ''Galp - Fernão Magalhães 1''}]','pt-PT','BEGIN:VCARD VERSION:2.1 REV:20190226T17:27:45Z N:Galp - Fernão Magalhães 1;Galp - Fernão Magalhães 1;;; FN:Galp - Fernão Magalhães 1 Galp - Fernão Magalhães 1 ORG:Galp - Fernão Magalhães 1 ADR;WORK:;3363;Avenida Fernão de Magalhães;Porto;Porto;4350-175 ;Portugal TEL;WORK;VOICE:+351 225502760 END:VCARD','41.17834700','-8.58251100','[{''term'': ''open'', ''type'': ''text/icalendar'', ''value'': ''BEGIN:VCALENDAR VERSION:2.0 BEGIN:VEVENT SUMMARY: DTSTART:20190101T000000Z DTEND:50190115T235900Z DESCRIPTION: LOCATION: RRULE:FREQ=WEEKLY;INTERVAL=1;BYDAY=SU,MO,TU,WE,TH,FR,SA END:VEVENT END:VCALENDAR''}]','2019-07-10T11:35:20.425000Z'
'True','https://city-api.wearebitmaker.com/CitySDK/pois','[{''lang'': ''pt-PT'', ''value'': ''Postos de Abastecimento''}, {''lang'': ''en-GB'', ''value'': ''Petrol station''}, {''lang'': ''es-ES'', ''value'': ''Gasolineras''}]','2019-05-06T14:57:14.955000Z','[]','[{''type'': ''x-citysdk/price'', ''value'': ''0''}, {''type'': ''x-citysdk/geographical-zone'', ''value'': ''Foz''}, {''type'': ''x-citysdk/themes'', ''value'': ''Investigar,Estudar''}, {''type'': ''x-citysdk/segments'', ''value'': ''Trabalhadores,Investigadores,Estudantes''}, {''type'': ''x-citysdk/cost-rating'', ''value'': ''1''}, {''type'': ''x-citysdk/average-time'', ''value'': ''0:0''}]','5cd04b4af979e000013ddcf2','[{''lang'': ''pt-PT'', ''term'': ''primary'', ''value'': ''Galp - Parque da Cidade''}, {''lang'': ''en-GB'', ''term'': ''primary'', ''value'': ''Galp - Parque da Cidade''}, {''lang'': ''es-ES'', ''term'': ''primary'', ''value'': ''Galp - Parque da Cidade''}]','pt-PT','BEGIN:VCARD VERSION:2.1 REV:20190226T17:27:45Z N:Galp - Parque da Cidade;Galp - Parque da Cidade;;; FN:Galp - Parque da Cidade Galp - Parque da Cidade ORG:Galp - Parque da Cidade ADR;WORK:;;Estrada Exterior da Circunvalação - Parque da Cidade;Porto;Porto;;Portugal END:VCARD','41.17174100','-8.67889900','[{''term'': ''open'', ''type'': ''text/icalendar'', ''value'': ''BEGIN:VCALENDAR VERSION:2.0 END:VCALENDAR''}]','2019-07-10T11:35:37.216000Z'
'True','https://city-api.wearebitmaker.com/CitySDK/pois','[{''lang'': ''pt-PT'', ''value'': ''Postos de Abastecimento''}, {''lang'': ''en-GB'', ''value'': ''Petrol station''}, {''lang'': ''es-ES'', ''value'': ''Gasolineras''}]','2019-05-06T14:57:14.956000Z','[]','[{''type'': ''x-citysdk/price'', ''value'': ''0''}, {''type'': ''x-citysdk/geographical-zone'', ''value'': ''Outras Zonas do Porto''}, {''type'': ''x-citysdk/themes'', ''value'': ''Investigar,Estudar''}, {''type'': ''x-citysdk/segments'', ''value'': ''Estudantes,Trabalhadores,Investigadores''}, {''type'': ''x-citysdk/cost-rating'', ''value'': ''1''}, {''type'': ''x-citysdk/average-time'', ''value'': ''0:0''}]','5cd04b4af979e000013ddcf3','[{''lang'': ''pt-PT'', ''term'': ''primary'', ''value'': ''Galp - São Roque da Lameira ''}, {''lang'': ''en-GB'', ''term'': ''primary'', ''value'': ''Galp - São Roque da Lameira ''}, {''lang'': ''es-ES'', ''term'': ''primary'', ''value'': ''Galp - São Roque da Lameira ''}]','pt-PT','BEGIN:VCARD VERSION:2.1 REV:20190226T17:27:45Z N:Galp - São Roque da Lameira ;Galp - São Roque da Lameira ;;; FN:Galp - São Roque da Lameira  Galp - São Roque da Lameira  ORG:Galp - São Roque da Lameira  ADR;WORK:;341;Rua de São Roque da Lameira;Porto;Porto;4350-308;Portugal TEL;WORK;VOICE:+351 225374074 END:VCARD','41.16593400','-8.57070300','[{''term'': ''open'', ''type'': ''text/icalendar'', ''value'': ''BEGIN:VCALENDAR VERSION:2.0 END:VCALENDAR''}]','2019-07-10T11:35:50.221000Z'
'True','https://city-api.wearebitmaker.com/CitySDK/pois','[{''lang'': ''pt-PT'', ''value'': ''Postos de Abastecimento''}, {''lang'': ''en-GB'', ''value'': ''Petrol station''}, {''lang'': ''es-ES'', ''value'': ''Gasolineras''}]','2019-05-06T14:57:14.957000Z','[]','[{''type'': ''x-citysdk/price'', ''value'': ''0''}, {''type'': ''x-citysdk/geographical-zone'', ''value'': ''Outras Zonas do Porto''}, {''type'': ''x-citysdk/themes'', ''value'': ''Estudar,Investigar''}, {''type'': ''x-citysdk/segments'', ''value'': ''Investigadores,Trabalhadores,Estudantes''}, {''type'': ''x-citysdk/cost-rating'', ''value'': ''1''}, {''type'': ''x-citysdk/average-time'', ''value'': ''0:0''}]','5cd04b4af979e000013ddcf4','[{''lang'': ''pt-PT'', ''term'': ''primary'', ''value'': ''Repsol - Antas II''}, {''lang'': ''en-GB'', ''term'': ''primary'', ''value'': ''Repsol - Antas II''}, {''lang'': ''es-ES'', ''term'': ''primary'', ''value'': ''Repsol - Antas II''}]','pt-PT','BEGIN:VCARD VERSION:2.1 REV:20190226T17:27:45Z N:Repsol - Antas II;Repsol - Antas II;;; FN:Repsol - Antas II Repsol - Antas II ORG:Repsol - Antas II ADR;WORK:;36;Rua de Santo António das Antas;Porto;Porto;4200-483;Portugal END:VCARD','41.16437440','-8.58940660','[{''term'': ''open'', ''type'': ''text/icalendar'', ''value'': ''BEGIN:VCALENDAR VERSION:2.0 END:VCALENDAR''}]','2019-07-10T11:36:00.213000Z'
'True','http://citysdk.url.pt/pois/','[{''lang'': ''pt-PT'', ''value'': ''Postos de Abastecimento''}, {''lang'': ''en-GB'', ''value'': ''Petrol station''}, {''lang'': ''es-ES'', ''value'': ''Gasolineras''}]','2019-05-06T14:57:14.958000Z','[]','[{''type'': ''x-citysdk/price'', ''value'': ''0''}, {''type'': ''x-citysdk/card-types'', ''value'': ''Multibanco,VISA''}, {''type'': ''x-citysdk/geographical-zone'', ''value'': ''Baixa''}, {''type'': ''x-citysdk/themes'', ''value'': ''Estudar,Investigar''}, {''type'': ''x-citysdk/segments'', ''value'': ''Trabalhadores,Estudantes,Investigadores''}, {''type'': ''x-citysdk/cost-rating'', ''value'': ''1''}, {''type'': ''x-citysdk/average-time'', ''value'': ''0:0''}, {''type'': ''x-citysdk/petrol-station-characteristics'', ''value'': ''Multibanco''}]','5cd04b4af979e000013ddcf5','[{''lang'': ''pt-PT'', ''term'': ''primary'', ''value'': ''Galp - Silo Auto''}, {''lang'': ''en-GB'', ''term'': ''primary'', ''value'': ''Galp - Silo Auto''}, {''lang'': ''es-ES'', ''term'': ''primary'', ''value'': ''Galp - Silo Auto''}]','pt-PT','BEGIN:VCARD VERSION:2.1 REV:20190226T17:27:45Z N:Galp - Silo Auto;Galp - Silo Auto;;; FN:Galp - Silo Auto Galp - Silo Auto ORG:Galp - Silo Auto ADR;WORK:;148;Rua de Guedes de Azevedo;Porto;Porto;4000-271;Portugal TEL;WORK;VOICE:+351 223321240 EMAIL;PREF;INTERNET:grupo.torres@mail.telepac.pt END:VCARD','41.152396','-8.606757','[{''term'': ''open'', ''type'': ''text/icalendar'', ''value'': ''BEGIN:VCALENDAR VERSION:2.0 BEGIN:VEVENT SUMMARY: DTSTART:20190101T070000Z DTEND:50190115T203000Z DESCRIPTION: LOCATION: RRULE:FREQ=WEEKLY;INTERVAL=1;BYDAY=SU,MO,TU,WE,TH,FR,SA END:VEVENT END:VCALENDAR''}]','2019-06-05T15:33:36.002000Z'
'True','https://city-api.wearebitmaker.com/CitySDK/pois','[{''lang'': ''pt-PT'', ''value'': ''Postos de Abastecimento''}, {''lang'': ''en-GB'', ''value'': ''Petrol station''}, {''lang'': ''es-ES'', ''value'': ''Gasolineras''}]','2019-05-06T14:57:14.961000Z','[]','[{''type'': ''x-citysdk/price'', ''value'': ''0''}, {''type'': ''x-citysdk/geographical-zone'', ''value'': ''Outras Zonas do Porto''}, {''type'': ''x-citysdk/themes'', ''value'': ''Estudar,Investigar''}, {''type'': ''x-citysdk/segments'', ''value'': ''Estudantes,Investigadores,Trabalhadores''}, {''type'': ''x-citysdk/cost-rating'', ''value'': ''1''}, {''type'': ''x-citysdk/average-time'', ''value'': ''0:0''}]','5cd04b4af979e000013ddcf6','[{''lang'': ''pt-PT'', ''term'': ''primary'', ''value'': ''Repsol - Conde Covilhã''}, {''lang'': ''en-GB'', ''term'': ''primary'', ''value'': ''Repsol - Conde Covilhã''}, {''lang'': ''es-ES'', ''term'': ''primary'', ''value'': ''Repsol - Conde Covilhã''}]','pt-PT','BEGIN:VCARD VERSION:2.1 REV:20190226T17:27:45Z N:Repsol - Conde Covilhã;Repsol - Conde Covilhã;;; FN:Repsol - Conde Covilhã Repsol - Conde Covilhã ORG:Repsol - Conde Covilhã ADR;WORK:;1256;Rua do Conde da Covilhã;Porto;Porto;4100-187 ;Portugal TEL;WORK;VOICE:+351 226102433 END:VCARD','41.17352100','-8.65466690','[{''term'': ''open'', ''type'': ''text/icalendar'', ''value'': ''BEGIN:VCALENDAR VERSION:2.0 END:VCALENDAR''}]','2019-07-10T11:36:11.786000Z'
'True','https://city-api.wearebitmaker.com/CitySDK/pois','[{''lang'': ''pt-PT'', ''value'': ''Postos de Abastecimento''}, {''lang'': ''en-GB'', ''value'': ''Petrol station''}, {''lang'': ''es-ES'', ''value'': ''Gasolineras''}]','2019-05-06T14:57:15.497000Z','[]','[{''type'': ''x-citysdk/price'', ''value'': ''0''}, {''type'': ''x-citysdk/geographical-zone'', ''value'': ''Outras Zonas do Porto''}, {''type'': ''x-citysdk/themes'', ''value'': ''Investigar,Estudar''}, {''type'': ''x-citysdk/segments'', ''value'': ''Trabalhadores,Investigadores,Estudantes''}, {''type'': ''x-citysdk/cost-rating'', ''value'': ''1''}, {''type'': ''x-citysdk/average-time'', ''value'': ''0:0''}]','5cd04b4bf979e000019390b6','[{''lang'': ''pt-PT'', ''term'': ''primary'', ''value'': ''Galp - Estádio''}, {''lang'': ''en-GB'', ''term'': ''primary'', ''value'': ''Galp - Estádio''}, {''lang'': ''es-ES'', ''term'': ''primary'', ''value'': ''Galp - Estádio''}]','pt-PT','BEGIN:VCARD VERSION:2.1 REV:20190226T17:27:45Z N:Galp - Estádio;Galp - Estádio;;; FN:Galp - Estádio Galp - Estádio ORG:Galp - Estádio ADR;WORK:;1854;Avenida Fernão de Magalhães;Porto;Porto;4350-158;Portugal END:VCARD','41.16628200','-8.58873400','[{''term'': ''open'', ''type'': ''text/icalendar'', ''value'': ''BEGIN:VCALENDAR VERSION:2.0 END:VCALENDAR''}]','2019-07-10T11:36:24.947000Z'
